{"timestamp":"2026-09-02T19:28:13.353681Z","level":"info","event":"Filling up the DagBag from /opt/airflow/dags/11.Xcom2.py","logger":"airflow.models.dagbag.DagBag","filename":"dagbag.py","lineno":593}
{"timestamp":"2026-09-02T19:28:31.648534Z","level":"info","event":"Filling up the DagBag from /opt/airflow/dags/11.Xcom2.py","logger":"airflow.models.dagbag.DagBag","filename":"dagbag.py","lineno":593}
{"timestamp":"2026-09-02T19:28:49.766096Z","level":"info","event":"Filling up the DagBag from /opt/airflow/dags/11.Xcom2.py","logger":"airflow.models.dagbag.DagBag","filename":"dagbag.py","lineno":593}
{"timestamp":"2026-09-02T19:29:02.589947Z","level":"info","event":"Filling up the DagBag from /opt/airflow/dags/11.Xcom2.py","logger":"airflow.models.dagbag.DagBag","filename":"dagbag.py","lineno":593}
{"timestamp":"2026-09-02T19:29:03.605238Z","level":"info","event":"Filling up the DagBag from /opt/airflow/dags/11.Xcom2.py","logger":"airflow.models.dagbag.DagBag","filename":"dagbag.py","lineno":593}
{"timestamp":"2026-09-02T19:29:05.990639Z","level":"info","event":"Filling up the DagBag from /opt/airflow/dags/11.Xcom2.py","logger":"airflow.models.dagbag.DagBag","filename":"dagbag.py","lineno":593}
{"timestamp":"2026-09-02T19:29:08.079886Z","level":"info","event":"Filling up the DagBag from /opt/airflow/dags/11.Xcom2.py","logger":"airflow.models.dagbag.DagBag","filename":"dagbag.py","lineno":593}
{"timestamp":"2026-09-02T19:29:09.952351Z","level":"info","event":"Filling up the DagBag from /opt/airflow/dags/11.Xcom2.py","logger":"airflow.models.dagbag.DagBag","filename":"dagbag.py","lineno":593}
{"timestamp":"2026-09-02T19:29:26.326083Z","level":"warning","event":"Error when trying to pre-import module 'airflow.provider.standard.operators.python' found in /opt/airflow/dags/11.Xcom2.py: No module named 'airflow.provider'","logger":"processor"}
{"timestamp":"2026-09-02T19:29:26.841884Z","level":"info","event":"Filling up the DagBag from /opt/airflow/dags/11.Xcom2.py","logger":"airflow.models.dagbag.DagBag","filename":"dagbag.py","lineno":593}
{"timestamp":"2026-09-02T19:29:27.163895Z","level":"error","event":"Failed to import: /opt/airflow/dags/11.Xcom2.py","logger":"airflow.models.dagbag.DagBag","filename":"dagbag.py","lineno":415,"error_detail":[{"exc_type":"ModuleNotFoundError","exc_value":"No module named 'airflow.provider'","exc_notes":[],"syntax_error":null,"is_cause":false,"frames":[{"filename":"/home/airflow/.local/lib/python3.12/site-packages/airflow/models/dagbag.py","lineno":405,"name":"parse"},{"filename":"<frozen importlib._bootstrap_external>","lineno":999,"name":"exec_module"},{"filename":"<frozen importlib._bootstrap>","lineno":488,"name":"_call_with_frames_removed"},{"filename":"/opt/airflow/dags/11.Xcom2.py","lineno":3,"name":"<module>"}],"is_group":false,"exceptions":[]}]}
{"timestamp":"2026-09-02T19:29:42.320627Z","level":"warning","event":"Error when trying to pre-import module 'airflow.provider.standard.operators.python' found in /opt/airflow/dags/11.Xcom2.py: No module named 'airflow.provider'","logger":"processor"}
{"timestamp":"2026-09-02T19:29:42.658832Z","level":"info","event":"Filling up the DagBag from /opt/airflow/dags/11.Xcom2.py","logger":"airflow.models.dagbag.DagBag","filename":"dagbag.py","lineno":593}
{"timestamp":"2026-09-02T19:29:42.759412Z","level":"error","event":"Failed to import: /opt/airflow/dags/11.Xcom2.py","logger":"airflow.models.dagbag.DagBag","filename":"dagbag.py","lineno":415,"error_detail":[{"exc_type":"ModuleNotFoundError","exc_value":"No module named 'airflow.provider'","exc_notes":[],"syntax_error":null,"is_cause":false,"frames":[{"filename":"/home/airflow/.local/lib/python3.12/site-packages/airflow/models/dagbag.py","lineno":405,"name":"parse"},{"filename":"<frozen importlib._bootstrap_external>","lineno":999,"name":"exec_module"},{"filename":"<frozen importlib._bootstrap>","lineno":488,"name":"_call_with_frames_removed"},{"filename":"/opt/airflow/dags/11.Xcom2.py","lineno":3,"name":"<module>"}],"is_group":false,"exceptions":[]}]}
{"timestamp":"2026-09-02T19:29:56.356258Z","level":"warning","event":"Error when trying to pre-import module 'airflow.provider.standard.operators.python' found in /opt/airflow/dags/11.Xcom2.py: No module named 'airflow.provider'","logger":"processor"}
{"timestamp":"2026-09-02T19:29:56.622082Z","level":"info","event":"Filling up the DagBag from /opt/airflow/dags/11.Xcom2.py","logger":"airflow.models.dagbag.DagBag","filename":"dagbag.py","lineno":593}
{"timestamp":"2026-09-02T19:29:56.747346Z","level":"error","event":"Failed to import: /opt/airflow/dags/11.Xcom2.py","logger":"airflow.models.dagbag.DagBag","filename":"dagbag.py","lineno":415,"error_detail":[{"exc_type":"ModuleNotFoundError","exc_value":"No module named 'airflow.provider'","exc_notes":[],"syntax_error":null,"is_cause":false,"frames":[{"filename":"/home/airflow/.local/lib/python3.12/site-packages/airflow/models/dagbag.py","lineno":405,"name":"parse"},{"filename":"<frozen importlib._bootstrap_external>","lineno":999,"name":"exec_module"},{"filename":"<frozen importlib._bootstrap>","lineno":488,"name":"_call_with_frames_removed"},{"filename":"/opt/airflow/dags/11.Xcom2.py","lineno":3,"name":"<module>"}],"is_group":false,"exceptions":[]}]}
{"timestamp":"2026-09-02T19:30:09.778938Z","level":"warning","event":"Error when trying to pre-import module 'airflow.provider.standard.operators.python' found in /opt/airflow/dags/11.Xcom2.py: No module named 'airflow.provider'","logger":"processor"}
{"timestamp":"2026-09-02T19:30:10.119222Z","level":"info","event":"Filling up the DagBag from /opt/airflow/dags/11.Xcom2.py","logger":"airflow.models.dagbag.DagBag","filename":"dagbag.py","lineno":593}
{"timestamp":"2026-09-02T19:30:10.244351Z","level":"error","event":"Failed to import: /opt/airflow/dags/11.Xcom2.py","logger":"airflow.models.dagbag.DagBag","filename":"dagbag.py","lineno":415,"error_detail":[{"exc_type":"ModuleNotFoundError","exc_value":"No module named 'airflow.provider'","exc_notes":[],"syntax_error":null,"is_cause":false,"frames":[{"filename":"/home/airflow/.local/lib/python3.12/site-packages/airflow/models/dagbag.py","lineno":405,"name":"parse"},{"filename":"<frozen importlib._bootstrap_external>","lineno":999,"name":"exec_module"},{"filename":"<frozen importlib._bootstrap>","lineno":488,"name":"_call_with_frames_removed"},{"filename":"/opt/airflow/dags/11.Xcom2.py","lineno":3,"name":"<module>"}],"is_group":false,"exceptions":[]}]}
{"timestamp":"2026-09-02T19:30:22.061679Z","level":"warning","event":"Error when trying to pre-import module 'airflow.provider.standard.operators.python' found in /opt/airflow/dags/11.Xcom2.py: No module named 'airflow.provider'","logger":"processor"}
{"timestamp":"2026-09-02T19:30:22.701381Z","level":"info","event":"Filling up the DagBag from /opt/airflow/dags/11.Xcom2.py","logger":"airflow.models.dagbag.DagBag","filename":"dagbag.py","lineno":593}
{"timestamp":"2026-09-02T19:30:22.869881Z","level":"error","event":"Failed to import: /opt/airflow/dags/11.Xcom2.py","logger":"airflow.models.dagbag.DagBag","filename":"dagbag.py","lineno":415,"error_detail":[{"exc_type":"ModuleNotFoundError","exc_value":"No module named 'airflow.provider'","exc_notes":[],"syntax_error":null,"is_cause":false,"frames":[{"filename":"/home/airflow/.local/lib/python3.12/site-packages/airflow/models/dagbag.py","lineno":405,"name":"parse"},{"filename":"<frozen importlib._bootstrap_external>","lineno":999,"name":"exec_module"},{"filename":"<frozen importlib._bootstrap>","lineno":488,"name":"_call_with_frames_removed"},{"filename":"/opt/airflow/dags/11.Xcom2.py","lineno":3,"name":"<module>"}],"is_group":false,"exceptions":[]}]}
{"timestamp":"2026-09-02T19:30:28.994890Z","level":"info","event":"Filling up the DagBag from /opt/airflow/dags/11.Xcom2.py","logger":"airflow.models.dagbag.DagBag","filename":"dagbag.py","lineno":593}
{"timestamp":"2026-09-02T19:30:35.924235Z","level":"info","event":"Filling up the DagBag from /opt/airflow/dags/11.Xcom2.py","logger":"airflow.models.dagbag.DagBag","filename":"dagbag.py","lineno":593}
{"timestamp":"2026-09-02T19:30:45.874068Z","level":"info","event":"Filling up the DagBag from /opt/airflow/dags/11.Xcom2.py","logger":"airflow.models.dagbag.DagBag","filename":"dagbag.py","lineno":593}
{"timestamp":"2026-09-02T19:31:00.341032Z","level":"info","event":"Filling up the DagBag from /opt/airflow/dags/11.Xcom2.py","logger":"airflow.models.dagbag.DagBag","filename":"dagbag.py","lineno":593}
{"timestamp":"2026-09-02T19:31:18.258589Z","level":"info","event":"Filling up the DagBag from /opt/airflow/dags/11.Xcom2.py","logger":"airflow.models.dagbag.DagBag","filename":"dagbag.py","lineno":593}
{"timestamp":"2026-09-02T19:31:56.278109Z","level":"info","event":"Filling up the DagBag from /opt/airflow/dags/11.Xcom2.py","logger":"airflow.models.dagbag.DagBag","filename":"dagbag.py","lineno":593}
{"timestamp":"2026-09-02T19:31:56.528153Z","level":"error","event":"Failed to import: /opt/airflow/dags/11.Xcom2.py","logger":"airflow.models.dagbag.DagBag","filename":"dagbag.py","lineno":415,"error_detail":[{"exc_type":"NameError","exc_value":"name 't' is not defined","exc_notes":[],"syntax_error":null,"is_cause":false,"frames":[{"filename":"/home/airflow/.local/lib/python3.12/site-packages/airflow/models/dagbag.py","lineno":405,"name":"parse"},{"filename":"<frozen importlib._bootstrap_external>","lineno":999,"name":"exec_module"},{"filename":"<frozen importlib._bootstrap>","lineno":488,"name":"_call_with_frames_removed"},{"filename":"/opt/airflow/dags/11.Xcom2.py","lineno":30,"name":"<module>"}],"is_group":false,"exceptions":[]}]}
{"timestamp":"2026-09-02T19:32:20.518110Z","level":"info","event":"Filling up the DagBag from /opt/airflow/dags/11.Xcom2.py","logger":"airflow.models.dagbag.DagBag","filename":"dagbag.py","lineno":593}
{"timestamp":"2026-09-02T19:33:29.526748Z","level":"info","event":"Filling up the DagBag from /opt/airflow/dags/11.Xcom2.py","logger":"airflow.models.dagbag.DagBag","filename":"dagbag.py","lineno":593}
{"timestamp":"2026-09-02T19:34:26.879926Z","level":"info","event":"Filling up the DagBag from /opt/airflow/dags/11.Xcom2.py","logger":"airflow.models.dagbag.DagBag","filename":"dagbag.py","lineno":593}
{"timestamp":"2026-09-02T19:34:43.875726Z","level":"info","event":"Filling up the DagBag from /opt/airflow/dags/11.Xcom2.py","logger":"airflow.models.dagbag.DagBag","filename":"dagbag.py","lineno":593}
{"timestamp":"2026-09-02T19:35:16.083314Z","level":"info","event":"Filling up the DagBag from /opt/airflow/dags/11.Xcom2.py","logger":"airflow.models.dagbag.DagBag","filename":"dagbag.py","lineno":593}
{"timestamp":"2026-09-02T19:35:31.465741Z","level":"info","event":"Filling up the DagBag from /opt/airflow/dags/11.Xcom2.py","logger":"airflow.models.dagbag.DagBag","filename":"dagbag.py","lineno":593}
{"timestamp":"2026-09-02T19:35:41.726104Z","level":"info","event":"Filling up the DagBag from /opt/airflow/dags/11.Xcom2.py","logger":"airflow.models.dagbag.DagBag","filename":"dagbag.py","lineno":593}
{"timestamp":"2026-09-02T19:35:55.765559Z","level":"info","event":"Filling up the DagBag from /opt/airflow/dags/11.Xcom2.py","logger":"airflow.models.dagbag.DagBag","filename":"dagbag.py","lineno":593}
{"timestamp":"2026-09-02T19:36:10.502771Z","level":"info","event":"Filling up the DagBag from /opt/airflow/dags/11.Xcom2.py","logger":"airflow.models.dagbag.DagBag","filename":"dagbag.py","lineno":593}
{"timestamp":"2026-09-02T19:36:28.211106Z","level":"info","event":"Filling up the DagBag from /opt/airflow/dags/11.Xcom2.py","logger":"airflow.models.dagbag.DagBag","filename":"dagbag.py","lineno":593}
{"timestamp":"2026-09-02T19:36:43.828582Z","level":"info","event":"Filling up the DagBag from /opt/airflow/dags/11.Xcom2.py","logger":"airflow.models.dagbag.DagBag","filename":"dagbag.py","lineno":593}
{"timestamp":"2026-09-02T19:37:05.550732Z","level":"info","event":"Filling up the DagBag from /opt/airflow/dags/11.Xcom2.py","logger":"airflow.models.dagbag.DagBag","filename":"dagbag.py","lineno":593}
{"timestamp":"2026-09-02T19:37:17.366376Z","level":"info","event":"Filling up the DagBag from /opt/airflow/dags/11.Xcom2.py","logger":"airflow.models.dagbag.DagBag","filename":"dagbag.py","lineno":593}
{"timestamp":"2026-09-02T19:37:26.390698Z","level":"info","event":"Filling up the DagBag from /opt/airflow/dags/11.Xcom2.py","logger":"airflow.models.dagbag.DagBag","filename":"dagbag.py","lineno":593}
{"timestamp":"2026-09-02T19:37:36.007165Z","level":"info","event":"Filling up the DagBag from /opt/airflow/dags/11.Xcom2.py","logger":"airflow.models.dagbag.DagBag","filename":"dagbag.py","lineno":593}
{"timestamp":"2026-09-02T19:37:44.044603Z","level":"info","event":"Filling up the DagBag from /opt/airflow/dags/11.Xcom2.py","logger":"airflow.models.dagbag.DagBag","filename":"dagbag.py","lineno":593}
{"timestamp":"2026-09-02T19:37:52.446138Z","level":"info","event":"Filling up the DagBag from /opt/airflow/dags/11.Xcom2.py","logger":"airflow.models.dagbag.DagBag","filename":"dagbag.py","lineno":593}
{"timestamp":"2026-09-02T19:38:02.317982Z","level":"info","event":"Filling up the DagBag from /opt/airflow/dags/11.Xcom2.py","logger":"airflow.models.dagbag.DagBag","filename":"dagbag.py","lineno":593}
{"timestamp":"2026-09-02T19:38:15.997364Z","level":"info","event":"Filling up the DagBag from /opt/airflow/dags/11.Xcom2.py","logger":"airflow.models.dagbag.DagBag","filename":"dagbag.py","lineno":593}
{"timestamp":"2026-09-02T19:38:25.780724Z","level":"info","event":"Filling up the DagBag from /opt/airflow/dags/11.Xcom2.py","logger":"airflow.models.dagbag.DagBag","filename":"dagbag.py","lineno":593}
{"timestamp":"2026-09-02T19:38:39.896545Z","level":"info","event":"Filling up the DagBag from /opt/airflow/dags/11.Xcom2.py","logger":"airflow.models.dagbag.DagBag","filename":"dagbag.py","lineno":593}
{"timestamp":"2026-09-02T19:38:53.516462Z","level":"info","event":"Filling up the DagBag from /opt/airflow/dags/11.Xcom2.py","logger":"airflow.models.dagbag.DagBag","filename":"dagbag.py","lineno":593}
{"timestamp":"2026-09-02T19:39:04.487746Z","level":"info","event":"Filling up the DagBag from /opt/airflow/dags/11.Xcom2.py","logger":"airflow.models.dagbag.DagBag","filename":"dagbag.py","lineno":593}
{"timestamp":"2026-09-02T19:39:16.682714Z","level":"info","event":"Filling up the DagBag from /opt/airflow/dags/11.Xcom2.py","logger":"airflow.models.dagbag.DagBag","filename":"dagbag.py","lineno":593}
{"timestamp":"2026-09-02T19:39:26.501791Z","level":"info","event":"Filling up the DagBag from /opt/airflow/dags/11.Xcom2.py","logger":"airflow.models.dagbag.DagBag","filename":"dagbag.py","lineno":593}
{"timestamp":"2026-09-02T19:39:37.771306Z","level":"info","event":"Filling up the DagBag from /opt/airflow/dags/11.Xcom2.py","logger":"airflow.models.dagbag.DagBag","filename":"dagbag.py","lineno":593}
{"timestamp":"2026-09-02T19:39:49.403036Z","level":"info","event":"Filling up the DagBag from /opt/airflow/dags/11.Xcom2.py","logger":"airflow.models.dagbag.DagBag","filename":"dagbag.py","lineno":593}
{"timestamp":"2026-09-02T19:39:56.993682Z","level":"info","event":"Filling up the DagBag from /opt/airflow/dags/11.Xcom2.py","logger":"airflow.models.dagbag.DagBag","filename":"dagbag.py","lineno":593}
{"timestamp":"2026-09-02T19:40:06.858209Z","level":"info","event":"Filling up the DagBag from /opt/airflow/dags/11.Xcom2.py","logger":"airflow.models.dagbag.DagBag","filename":"dagbag.py","lineno":593}
{"timestamp":"2026-09-02T19:40:16.463834Z","level":"info","event":"Filling up the DagBag from /opt/airflow/dags/11.Xcom2.py","logger":"airflow.models.dagbag.DagBag","filename":"dagbag.py","lineno":593}
{"timestamp":"2026-09-02T19:40:27.158416Z","level":"info","event":"Filling up the DagBag from /opt/airflow/dags/11.Xcom2.py","logger":"airflow.models.dagbag.DagBag","filename":"dagbag.py","lineno":593}
{"timestamp":"2026-09-02T19:40:35.420018Z","level":"info","event":"Filling up the DagBag from /opt/airflow/dags/11.Xcom2.py","logger":"airflow.models.dagbag.DagBag","filename":"dagbag.py","lineno":593}
{"timestamp":"2026-09-02T19:40:43.516923Z","level":"info","event":"Filling up the DagBag from /opt/airflow/dags/11.Xcom2.py","logger":"airflow.models.dagbag.DagBag","filename":"dagbag.py","lineno":593}
{"timestamp":"2026-09-02T19:40:50.305568Z","level":"info","event":"Filling up the DagBag from /opt/airflow/dags/11.Xcom2.py","logger":"airflow.models.dagbag.DagBag","filename":"dagbag.py","lineno":593}
{"timestamp":"2026-09-02T19:40:57.270801Z","level":"info","event":"Filling up the DagBag from /opt/airflow/dags/11.Xcom2.py","logger":"airflow.models.dagbag.DagBag","filename":"dagbag.py","lineno":593}
{"timestamp":"2026-09-02T19:41:04.765512Z","level":"info","event":"Filling up the DagBag from /opt/airflow/dags/11.Xcom2.py","logger":"airflow.models.dagbag.DagBag","filename":"dagbag.py","lineno":593}
{"timestamp":"2026-09-02T19:41:13.467447Z","level":"info","event":"Filling up the DagBag from /opt/airflow/dags/11.Xcom2.py","logger":"airflow.models.dagbag.DagBag","filename":"dagbag.py","lineno":593}
{"timestamp":"2026-09-02T19:41:21.891008Z","level":"info","event":"Filling up the DagBag from /opt/airflow/dags/11.Xcom2.py","logger":"airflow.models.dagbag.DagBag","filename":"dagbag.py","lineno":593}
{"timestamp":"2026-09-02T19:41:28.375045Z","level":"info","event":"Filling up the DagBag from /opt/airflow/dags/11.Xcom2.py","logger":"airflow.models.dagbag.DagBag","filename":"dagbag.py","lineno":593}
{"timestamp":"2026-09-02T19:41:35.740116Z","level":"info","event":"Filling up the DagBag from /opt/airflow/dags/11.Xcom2.py","logger":"airflow.models.dagbag.DagBag","filename":"dagbag.py","lineno":593}
{"timestamp":"2026-09-02T19:41:47.656798Z","level":"info","event":"Filling up the DagBag from /opt/airflow/dags/11.Xcom2.py","logger":"airflow.models.dagbag.DagBag","filename":"dagbag.py","lineno":593}
{"timestamp":"2026-09-02T19:41:54.499621Z","level":"info","event":"Filling up the DagBag from /opt/airflow/dags/11.Xcom2.py","logger":"airflow.models.dagbag.DagBag","filename":"dagbag.py","lineno":593}
{"timestamp":"2026-09-02T19:42:02.029009Z","level":"info","event":"Filling up the DagBag from /opt/airflow/dags/11.Xcom2.py","logger":"airflow.models.dagbag.DagBag","filename":"dagbag.py","lineno":593}
{"timestamp":"2026-09-02T19:42:09.432756Z","level":"info","event":"Filling up the DagBag from /opt/airflow/dags/11.Xcom2.py","logger":"airflow.models.dagbag.DagBag","filename":"dagbag.py","lineno":593}
{"timestamp":"2026-09-02T19:42:19.166718Z","level":"info","event":"Filling up the DagBag from /opt/airflow/dags/11.Xcom2.py","logger":"airflow.models.dagbag.DagBag","filename":"dagbag.py","lineno":593}
{"timestamp":"2026-09-02T19:42:26.896017Z","level":"info","event":"Filling up the DagBag from /opt/airflow/dags/11.Xcom2.py","logger":"airflow.models.dagbag.DagBag","filename":"dagbag.py","lineno":593}
{"timestamp":"2026-09-02T19:42:34.879965Z","level":"info","event":"Filling up the DagBag from /opt/airflow/dags/11.Xcom2.py","logger":"airflow.models.dagbag.DagBag","filename":"dagbag.py","lineno":593}
{"timestamp":"2026-09-02T19:42:43.569627Z","level":"info","event":"Filling up the DagBag from /opt/airflow/dags/11.Xcom2.py","logger":"airflow.models.dagbag.DagBag","filename":"dagbag.py","lineno":593}
{"timestamp":"2026-09-02T19:42:51.559436Z","level":"info","event":"Filling up the DagBag from /opt/airflow/dags/11.Xcom2.py","logger":"airflow.models.dagbag.DagBag","filename":"dagbag.py","lineno":593}
{"timestamp":"2026-09-02T19:43:01.356130Z","level":"info","event":"Filling up the DagBag from /opt/airflow/dags/11.Xcom2.py","logger":"airflow.models.dagbag.DagBag","filename":"dagbag.py","lineno":593}
{"timestamp":"2026-09-02T19:43:11.012697Z","level":"info","event":"Filling up the DagBag from /opt/airflow/dags/11.Xcom2.py","logger":"airflow.models.dagbag.DagBag","filename":"dagbag.py","lineno":593}
{"timestamp":"2026-09-02T19:43:20.003495Z","level":"info","event":"Filling up the DagBag from /opt/airflow/dags/11.Xcom2.py","logger":"airflow.models.dagbag.DagBag","filename":"dagbag.py","lineno":593}
{"timestamp":"2026-09-02T19:43:28.076564Z","level":"info","event":"Filling up the DagBag from /opt/airflow/dags/11.Xcom2.py","logger":"airflow.models.dagbag.DagBag","filename":"dagbag.py","lineno":593}
{"timestamp":"2026-09-02T19:43:35.036060Z","level":"info","event":"Filling up the DagBag from /opt/airflow/dags/11.Xcom2.py","logger":"airflow.models.dagbag.DagBag","filename":"dagbag.py","lineno":593}
{"timestamp":"2026-09-02T19:43:44.744791Z","level":"info","event":"Filling up the DagBag from /opt/airflow/dags/11.Xcom2.py","logger":"airflow.models.dagbag.DagBag","filename":"dagbag.py","lineno":593}
{"timestamp":"2026-09-02T19:43:56.301659Z","level":"info","event":"Filling up the DagBag from /opt/airflow/dags/11.Xcom2.py","logger":"airflow.models.dagbag.DagBag","filename":"dagbag.py","lineno":593}
{"timestamp":"2026-09-02T19:44:06.711163Z","level":"info","event":"Filling up the DagBag from /opt/airflow/dags/11.Xcom2.py","logger":"airflow.models.dagbag.DagBag","filename":"dagbag.py","lineno":593}
{"timestamp":"2026-09-02T19:44:14.542590Z","level":"info","event":"Filling up the DagBag from /opt/airflow/dags/11.Xcom2.py","logger":"airflow.models.dagbag.DagBag","filename":"dagbag.py","lineno":593}
{"timestamp":"2026-09-02T19:44:23.730385Z","level":"info","event":"Filling up the DagBag from /opt/airflow/dags/11.Xcom2.py","logger":"airflow.models.dagbag.DagBag","filename":"dagbag.py","lineno":593}
{"timestamp":"2026-09-02T19:44:32.267130Z","level":"info","event":"Filling up the DagBag from /opt/airflow/dags/11.Xcom2.py","logger":"airflow.models.dagbag.DagBag","filename":"dagbag.py","lineno":593}
{"timestamp":"2026-09-02T19:44:41.874365Z","level":"info","event":"Filling up the DagBag from /opt/airflow/dags/11.Xcom2.py","logger":"airflow.models.dagbag.DagBag","filename":"dagbag.py","lineno":593}
{"timestamp":"2026-09-02T19:44:48.643290Z","level":"info","event":"Filling up the DagBag from /opt/airflow/dags/11.Xcom2.py","logger":"airflow.models.dagbag.DagBag","filename":"dagbag.py","lineno":593}
{"timestamp":"2026-09-02T19:44:56.791454Z","level":"info","event":"Filling up the DagBag from /opt/airflow/dags/11.Xcom2.py","logger":"airflow.models.dagbag.DagBag","filename":"dagbag.py","lineno":593}
{"timestamp":"2026-09-02T19:45:07.692069Z","level":"info","event":"Filling up the DagBag from /opt/airflow/dags/11.Xcom2.py","logger":"airflow.models.dagbag.DagBag","filename":"dagbag.py","lineno":593}
{"timestamp":"2026-09-02T19:45:15.766170Z","level":"info","event":"Filling up the DagBag from /opt/airflow/dags/11.Xcom2.py","logger":"airflow.models.dagbag.DagBag","filename":"dagbag.py","lineno":593}
{"timestamp":"2026-09-02T19:45:23.956534Z","level":"info","event":"Filling up the DagBag from /opt/airflow/dags/11.Xcom2.py","logger":"airflow.models.dagbag.DagBag","filename":"dagbag.py","lineno":593}
{"timestamp":"2026-09-02T19:45:30.677646Z","level":"info","event":"Filling up the DagBag from /opt/airflow/dags/11.Xcom2.py","logger":"airflow.models.dagbag.DagBag","filename":"dagbag.py","lineno":593}
{"timestamp":"2026-09-02T19:45:37.481780Z","level":"info","event":"Filling up the DagBag from /opt/airflow/dags/11.Xcom2.py","logger":"airflow.models.dagbag.DagBag","filename":"dagbag.py","lineno":593}
{"timestamp":"2026-09-02T19:45:47.312065Z","level":"info","event":"Filling up the DagBag from /opt/airflow/dags/11.Xcom2.py","logger":"airflow.models.dagbag.DagBag","filename":"dagbag.py","lineno":593}
{"timestamp":"2026-09-02T19:45:54.923326Z","level":"info","event":"Filling up the DagBag from /opt/airflow/dags/11.Xcom2.py","logger":"airflow.models.dagbag.DagBag","filename":"dagbag.py","lineno":593}
{"timestamp":"2026-09-02T19:46:03.285167Z","level":"info","event":"Filling up the DagBag from /opt/airflow/dags/11.Xcom2.py","logger":"airflow.models.dagbag.DagBag","filename":"dagbag.py","lineno":593}
{"timestamp":"2026-09-02T19:46:10.385747Z","level":"info","event":"Filling up the DagBag from /opt/airflow/dags/11.Xcom2.py","logger":"airflow.models.dagbag.DagBag","filename":"dagbag.py","lineno":593}
{"timestamp":"2026-09-02T19:46:16.456567Z","level":"info","event":"Filling up the DagBag from /opt/airflow/dags/11.Xcom2.py","logger":"airflow.models.dagbag.DagBag","filename":"dagbag.py","lineno":593}
{"timestamp":"2026-09-02T19:46:23.455995Z","level":"info","event":"Filling up the DagBag from /opt/airflow/dags/11.Xcom2.py","logger":"airflow.models.dagbag.DagBag","filename":"dagbag.py","lineno":593}
{"timestamp":"2026-09-02T19:46:32.024056Z","level":"info","event":"Filling up the DagBag from /opt/airflow/dags/11.Xcom2.py","logger":"airflow.models.dagbag.DagBag","filename":"dagbag.py","lineno":593}
{"timestamp":"2026-09-02T19:46:41.119188Z","level":"info","event":"Filling up the DagBag from /opt/airflow/dags/11.Xcom2.py","logger":"airflow.models.dagbag.DagBag","filename":"dagbag.py","lineno":593}
{"timestamp":"2026-09-02T19:46:49.764972Z","level":"info","event":"Filling up the DagBag from /opt/airflow/dags/11.Xcom2.py","logger":"airflow.models.dagbag.DagBag","filename":"dagbag.py","lineno":593}
{"timestamp":"2026-09-02T19:46:57.128879Z","level":"info","event":"Filling up the DagBag from /opt/airflow/dags/11.Xcom2.py","logger":"airflow.models.dagbag.DagBag","filename":"dagbag.py","lineno":593}
{"timestamp":"2026-09-02T19:47:04.850987Z","level":"info","event":"Filling up the DagBag from /opt/airflow/dags/11.Xcom2.py","logger":"airflow.models.dagbag.DagBag","filename":"dagbag.py","lineno":593}
{"timestamp":"2026-09-02T19:47:14.211360Z","level":"info","event":"Filling up the DagBag from /opt/airflow/dags/11.Xcom2.py","logger":"airflow.models.dagbag.DagBag","filename":"dagbag.py","lineno":593}
{"timestamp":"2026-09-02T19:47:21.576857Z","level":"info","event":"Filling up the DagBag from /opt/airflow/dags/11.Xcom2.py","logger":"airflow.models.dagbag.DagBag","filename":"dagbag.py","lineno":593}
{"timestamp":"2026-09-02T19:47:29.182544Z","level":"info","event":"Filling up the DagBag from /opt/airflow/dags/11.Xcom2.py","logger":"airflow.models.dagbag.DagBag","filename":"dagbag.py","lineno":593}
{"timestamp":"2026-09-02T19:47:36.759917Z","level":"info","event":"Filling up the DagBag from /opt/airflow/dags/11.Xcom2.py","logger":"airflow.models.dagbag.DagBag","filename":"dagbag.py","lineno":593}
{"timestamp":"2026-09-02T19:47:44.983686Z","level":"info","event":"Filling up the DagBag from /opt/airflow/dags/11.Xcom2.py","logger":"airflow.models.dagbag.DagBag","filename":"dagbag.py","lineno":593}
{"timestamp":"2026-09-02T19:47:59.871708Z","level":"info","event":"Filling up the DagBag from /opt/airflow/dags/11.Xcom2.py","logger":"airflow.models.dagbag.DagBag","filename":"dagbag.py","lineno":593}
{"timestamp":"2026-09-02T19:48:07.079275Z","level":"info","event":"Filling up the DagBag from /opt/airflow/dags/11.Xcom2.py","logger":"airflow.models.dagbag.DagBag","filename":"dagbag.py","lineno":593}
{"timestamp":"2026-09-02T19:48:14.151301Z","level":"info","event":"Filling up the DagBag from /opt/airflow/dags/11.Xcom2.py","logger":"airflow.models.dagbag.DagBag","filename":"dagbag.py","lineno":593}
{"timestamp":"2026-09-02T19:48:21.797061Z","level":"info","event":"Filling up the DagBag from /opt/airflow/dags/11.Xcom2.py","logger":"airflow.models.dagbag.DagBag","filename":"dagbag.py","lineno":593}
{"timestamp":"2026-09-02T19:48:29.500311Z","level":"info","event":"Filling up the DagBag from /opt/airflow/dags/11.Xcom2.py","logger":"airflow.models.dagbag.DagBag","filename":"dagbag.py","lineno":593}
{"timestamp":"2026-09-02T19:48:37.206316Z","level":"info","event":"Filling up the DagBag from /opt/airflow/dags/11.Xcom2.py","logger":"airflow.models.dagbag.DagBag","filename":"dagbag.py","lineno":593}
{"timestamp":"2026-09-02T19:48:43.115219Z","level":"info","event":"Filling up the DagBag from /opt/airflow/dags/11.Xcom2.py","logger":"airflow.models.dagbag.DagBag","filename":"dagbag.py","lineno":593}
{"timestamp":"2026-09-02T19:48:48.781850Z","level":"info","event":"Filling up the DagBag from /opt/airflow/dags/11.Xcom2.py","logger":"airflow.models.dagbag.DagBag","filename":"dagbag.py","lineno":593}
{"timestamp":"2026-09-02T19:48:55.033721Z","level":"info","event":"Filling up the DagBag from /opt/airflow/dags/11.Xcom2.py","logger":"airflow.models.dagbag.DagBag","filename":"dagbag.py","lineno":593}
{"timestamp":"2026-09-02T19:49:04.842433Z","level":"info","event":"Filling up the DagBag from /opt/airflow/dags/11.Xcom2.py","logger":"airflow.models.dagbag.DagBag","filename":"dagbag.py","lineno":593}
{"timestamp":"2026-09-02T19:49:14.026274Z","level":"info","event":"Filling up the DagBag from /opt/airflow/dags/11.Xcom2.py","logger":"airflow.models.dagbag.DagBag","filename":"dagbag.py","lineno":593}
{"timestamp":"2026-09-02T19:49:21.181230Z","level":"info","event":"Filling up the DagBag from /opt/airflow/dags/11.Xcom2.py","logger":"airflow.models.dagbag.DagBag","filename":"dagbag.py","lineno":593}
{"timestamp":"2026-09-02T19:49:29.884068Z","level":"info","event":"Filling up the DagBag from /opt/airflow/dags/11.Xcom2.py","logger":"airflow.models.dagbag.DagBag","filename":"dagbag.py","lineno":593}
{"timestamp":"2026-09-02T19:49:38.677180Z","level":"info","event":"Filling up the DagBag from /opt/airflow/dags/11.Xcom2.py","logger":"airflow.models.dagbag.DagBag","filename":"dagbag.py","lineno":593}
{"timestamp":"2026-09-02T19:49:45.916367Z","level":"info","event":"Filling up the DagBag from /opt/airflow/dags/11.Xcom2.py","logger":"airflow.models.dagbag.DagBag","filename":"dagbag.py","lineno":593}
{"timestamp":"2026-09-02T19:49:53.790471Z","level":"info","event":"Filling up the DagBag from /opt/airflow/dags/11.Xcom2.py","logger":"airflow.models.dagbag.DagBag","filename":"dagbag.py","lineno":593}
{"timestamp":"2026-09-02T19:50:03.393874Z","level":"info","event":"Filling up the DagBag from /opt/airflow/dags/11.Xcom2.py","logger":"airflow.models.dagbag.DagBag","filename":"dagbag.py","lineno":593}
{"timestamp":"2026-09-02T19:50:10.226035Z","level":"info","event":"Filling up the DagBag from /opt/airflow/dags/11.Xcom2.py","logger":"airflow.models.dagbag.DagBag","filename":"dagbag.py","lineno":593}
{"timestamp":"2026-09-02T19:50:19.805408Z","level":"info","event":"Filling up the DagBag from /opt/airflow/dags/11.Xcom2.py","logger":"airflow.models.dagbag.DagBag","filename":"dagbag.py","lineno":593}
{"timestamp":"2026-09-02T19:50:28.151128Z","level":"info","event":"Filling up the DagBag from /opt/airflow/dags/11.Xcom2.py","logger":"airflow.models.dagbag.DagBag","filename":"dagbag.py","lineno":593}
{"timestamp":"2026-09-02T19:50:35.716062Z","level":"info","event":"Filling up the DagBag from /opt/airflow/dags/11.Xcom2.py","logger":"airflow.models.dagbag.DagBag","filename":"dagbag.py","lineno":593}
{"timestamp":"2026-09-02T19:50:41.656075Z","level":"info","event":"Filling up the DagBag from /opt/airflow/dags/11.Xcom2.py","logger":"airflow.models.dagbag.DagBag","filename":"dagbag.py","lineno":593}
{"timestamp":"2026-09-02T19:50:49.799845Z","level":"info","event":"Filling up the DagBag from /opt/airflow/dags/11.Xcom2.py","logger":"airflow.models.dagbag.DagBag","filename":"dagbag.py","lineno":593}
{"timestamp":"2026-09-02T19:51:01.498271Z","level":"info","event":"Filling up the DagBag from /opt/airflow/dags/11.Xcom2.py","logger":"airflow.models.dagbag.DagBag","filename":"dagbag.py","lineno":593}
{"timestamp":"2026-09-02T19:51:12.737155Z","level":"info","event":"Filling up the DagBag from /opt/airflow/dags/11.Xcom2.py","logger":"airflow.models.dagbag.DagBag","filename":"dagbag.py","lineno":593}
{"timestamp":"2026-09-02T19:51:19.311067Z","level":"info","event":"Filling up the DagBag from /opt/airflow/dags/11.Xcom2.py","logger":"airflow.models.dagbag.DagBag","filename":"dagbag.py","lineno":593}
{"timestamp":"2026-09-02T19:51:27.014433Z","level":"info","event":"Filling up the DagBag from /opt/airflow/dags/11.Xcom2.py","logger":"airflow.models.dagbag.DagBag","filename":"dagbag.py","lineno":593}
{"timestamp":"2026-09-02T19:51:33.531527Z","level":"info","event":"Filling up the DagBag from /opt/airflow/dags/11.Xcom2.py","logger":"airflow.models.dagbag.DagBag","filename":"dagbag.py","lineno":593}
{"timestamp":"2026-09-02T19:51:39.346029Z","level":"info","event":"Filling up the DagBag from /opt/airflow/dags/11.Xcom2.py","logger":"airflow.models.dagbag.DagBag","filename":"dagbag.py","lineno":593}
{"timestamp":"2026-09-02T19:51:48.059516Z","level":"info","event":"Filling up the DagBag from /opt/airflow/dags/11.Xcom2.py","logger":"airflow.models.dagbag.DagBag","filename":"dagbag.py","lineno":593}
{"timestamp":"2026-09-02T19:51:55.992040Z","level":"info","event":"Filling up the DagBag from /opt/airflow/dags/11.Xcom2.py","logger":"airflow.models.dagbag.DagBag","filename":"dagbag.py","lineno":593}
{"timestamp":"2026-09-02T19:52:02.202856Z","level":"info","event":"Filling up the DagBag from /opt/airflow/dags/11.Xcom2.py","logger":"airflow.models.dagbag.DagBag","filename":"dagbag.py","lineno":593}
{"timestamp":"2026-09-02T19:52:07.818436Z","level":"info","event":"Filling up the DagBag from /opt/airflow/dags/11.Xcom2.py","logger":"airflow.models.dagbag.DagBag","filename":"dagbag.py","lineno":593}
{"timestamp":"2026-09-02T19:52:13.626470Z","level":"info","event":"Filling up the DagBag from /opt/airflow/dags/11.Xcom2.py","logger":"airflow.models.dagbag.DagBag","filename":"dagbag.py","lineno":593}
{"timestamp":"2026-09-02T19:52:19.704152Z","level":"info","event":"Filling up the DagBag from /opt/airflow/dags/11.Xcom2.py","logger":"airflow.models.dagbag.DagBag","filename":"dagbag.py","lineno":593}
{"timestamp":"2026-09-02T19:52:26.807581Z","level":"info","event":"Filling up the DagBag from /opt/airflow/dags/11.Xcom2.py","logger":"airflow.models.dagbag.DagBag","filename":"dagbag.py","lineno":593}
{"timestamp":"2026-09-02T19:52:34.716611Z","level":"info","event":"Filling up the DagBag from /opt/airflow/dags/11.Xcom2.py","logger":"airflow.models.dagbag.DagBag","filename":"dagbag.py","lineno":593}
{"timestamp":"2026-09-02T19:52:41.171123Z","level":"info","event":"Filling up the DagBag from /opt/airflow/dags/11.Xcom2.py","logger":"airflow.models.dagbag.DagBag","filename":"dagbag.py","lineno":593}
{"timestamp":"2026-09-02T19:52:47.483475Z","level":"info","event":"Filling up the DagBag from /opt/airflow/dags/11.Xcom2.py","logger":"airflow.models.dagbag.DagBag","filename":"dagbag.py","lineno":593}
{"timestamp":"2026-09-02T19:52:54.014327Z","level":"info","event":"Filling up the DagBag from /opt/airflow/dags/11.Xcom2.py","logger":"airflow.models.dagbag.DagBag","filename":"dagbag.py","lineno":593}
{"timestamp":"2026-09-02T19:53:00.039178Z","level":"info","event":"Filling up the DagBag from /opt/airflow/dags/11.Xcom2.py","logger":"airflow.models.dagbag.DagBag","filename":"dagbag.py","lineno":593}
{"timestamp":"2026-09-02T19:53:06.133541Z","level":"info","event":"Filling up the DagBag from /opt/airflow/dags/11.Xcom2.py","logger":"airflow.models.dagbag.DagBag","filename":"dagbag.py","lineno":593}
{"timestamp":"2026-09-02T19:53:13.844329Z","level":"info","event":"Filling up the DagBag from /opt/airflow/dags/11.Xcom2.py","logger":"airflow.models.dagbag.DagBag","filename":"dagbag.py","lineno":593}
{"timestamp":"2026-09-02T19:53:20.215049Z","level":"info","event":"Filling up the DagBag from /opt/airflow/dags/11.Xcom2.py","logger":"airflow.models.dagbag.DagBag","filename":"dagbag.py","lineno":593}
{"timestamp":"2026-09-02T19:53:26.381425Z","level":"info","event":"Filling up the DagBag from /opt/airflow/dags/11.Xcom2.py","logger":"airflow.models.dagbag.DagBag","filename":"dagbag.py","lineno":593}
{"timestamp":"2026-09-02T19:53:32.382351Z","level":"info","event":"Filling up the DagBag from /opt/airflow/dags/11.Xcom2.py","logger":"airflow.models.dagbag.DagBag","filename":"dagbag.py","lineno":593}
{"timestamp":"2026-09-02T19:53:38.125717Z","level":"info","event":"Filling up the DagBag from /opt/airflow/dags/11.Xcom2.py","logger":"airflow.models.dagbag.DagBag","filename":"dagbag.py","lineno":593}
{"timestamp":"2026-09-02T19:53:44.331343Z","level":"info","event":"Filling up the DagBag from /opt/airflow/dags/11.Xcom2.py","logger":"airflow.models.dagbag.DagBag","filename":"dagbag.py","lineno":593}
{"timestamp":"2026-09-02T19:53:50.964403Z","level":"info","event":"Filling up the DagBag from /opt/airflow/dags/11.Xcom2.py","logger":"airflow.models.dagbag.DagBag","filename":"dagbag.py","lineno":593}
{"timestamp":"2026-09-02T19:53:58.237922Z","level":"info","event":"Filling up the DagBag from /opt/airflow/dags/11.Xcom2.py","logger":"airflow.models.dagbag.DagBag","filename":"dagbag.py","lineno":593}
{"timestamp":"2026-09-02T19:54:17.839790Z","level":"info","event":"Filling up the DagBag from /opt/airflow/dags/11.Xcom2.py","logger":"airflow.models.dagbag.DagBag","filename":"dagbag.py","lineno":593}
{"timestamp":"2026-09-02T19:54:46.509308Z","level":"info","event":"Filling up the DagBag from /opt/airflow/dags/11.Xcom2.py","logger":"airflow.models.dagbag.DagBag","filename":"dagbag.py","lineno":593}
{"timestamp":"2026-09-02T19:55:01.223373Z","level":"info","event":"Filling up the DagBag from /opt/airflow/dags/11.Xcom2.py","logger":"airflow.models.dagbag.DagBag","filename":"dagbag.py","lineno":593}
{"timestamp":"2026-09-02T19:55:11.704683Z","level":"info","event":"Filling up the DagBag from /opt/airflow/dags/11.Xcom2.py","logger":"airflow.models.dagbag.DagBag","filename":"dagbag.py","lineno":593}
{"timestamp":"2026-09-02T19:55:20.211373Z","level":"info","event":"Filling up the DagBag from /opt/airflow/dags/11.Xcom2.py","logger":"airflow.models.dagbag.DagBag","filename":"dagbag.py","lineno":593}
{"timestamp":"2026-09-02T19:55:32.415441Z","level":"info","event":"Filling up the DagBag from /opt/airflow/dags/11.Xcom2.py","logger":"airflow.models.dagbag.DagBag","filename":"dagbag.py","lineno":593}
{"timestamp":"2026-09-02T19:55:40.271355Z","level":"info","event":"Filling up the DagBag from /opt/airflow/dags/11.Xcom2.py","logger":"airflow.models.dagbag.DagBag","filename":"dagbag.py","lineno":593}
{"timestamp":"2026-09-02T19:55:51.653285Z","level":"info","event":"Filling up the DagBag from /opt/airflow/dags/11.Xcom2.py","logger":"airflow.models.dagbag.DagBag","filename":"dagbag.py","lineno":593}
{"timestamp":"2026-09-02T19:55:59.519834Z","level":"info","event":"Filling up the DagBag from /opt/airflow/dags/11.Xcom2.py","logger":"airflow.models.dagbag.DagBag","filename":"dagbag.py","lineno":593}
{"timestamp":"2026-09-02T19:56:06.393848Z","level":"info","event":"Filling up the DagBag from /opt/airflow/dags/11.Xcom2.py","logger":"airflow.models.dagbag.DagBag","filename":"dagbag.py","lineno":593}
{"timestamp":"2026-09-02T19:56:12.805892Z","level":"info","event":"Filling up the DagBag from /opt/airflow/dags/11.Xcom2.py","logger":"airflow.models.dagbag.DagBag","filename":"dagbag.py","lineno":593}
{"timestamp":"2026-09-02T19:56:18.816444Z","level":"info","event":"Filling up the DagBag from /opt/airflow/dags/11.Xcom2.py","logger":"airflow.models.dagbag.DagBag","filename":"dagbag.py","lineno":593}
{"timestamp":"2026-09-02T19:56:25.576681Z","level":"info","event":"Filling up the DagBag from /opt/airflow/dags/11.Xcom2.py","logger":"airflow.models.dagbag.DagBag","filename":"dagbag.py","lineno":593}
{"timestamp":"2026-09-02T19:56:33.037290Z","level":"info","event":"Filling up the DagBag from /opt/airflow/dags/11.Xcom2.py","logger":"airflow.models.dagbag.DagBag","filename":"dagbag.py","lineno":593}
{"timestamp":"2026-09-02T19:56:39.946824Z","level":"info","event":"Filling up the DagBag from /opt/airflow/dags/11.Xcom2.py","logger":"airflow.models.dagbag.DagBag","filename":"dagbag.py","lineno":593}
{"timestamp":"2026-09-02T19:56:46.958901Z","level":"info","event":"Filling up the DagBag from /opt/airflow/dags/11.Xcom2.py","logger":"airflow.models.dagbag.DagBag","filename":"dagbag.py","lineno":593}
{"timestamp":"2026-09-02T19:56:53.101996Z","level":"info","event":"Filling up the DagBag from /opt/airflow/dags/11.Xcom2.py","logger":"airflow.models.dagbag.DagBag","filename":"dagbag.py","lineno":593}
{"timestamp":"2026-09-02T19:56:58.792935Z","level":"info","event":"Filling up the DagBag from /opt/airflow/dags/11.Xcom2.py","logger":"airflow.models.dagbag.DagBag","filename":"dagbag.py","lineno":593}
{"timestamp":"2026-09-02T19:57:04.875617Z","level":"info","event":"Filling up the DagBag from /opt/airflow/dags/11.Xcom2.py","logger":"airflow.models.dagbag.DagBag","filename":"dagbag.py","lineno":593}
{"timestamp":"2026-09-02T19:57:12.061980Z","level":"info","event":"Filling up the DagBag from /opt/airflow/dags/11.Xcom2.py","logger":"airflow.models.dagbag.DagBag","filename":"dagbag.py","lineno":593}
{"timestamp":"2026-09-02T19:57:19.745613Z","level":"info","event":"Filling up the DagBag from /opt/airflow/dags/11.Xcom2.py","logger":"airflow.models.dagbag.DagBag","filename":"dagbag.py","lineno":593}
{"timestamp":"2026-09-02T19:57:26.661944Z","level":"info","event":"Filling up the DagBag from /opt/airflow/dags/11.Xcom2.py","logger":"airflow.models.dagbag.DagBag","filename":"dagbag.py","lineno":593}
{"timestamp":"2026-09-02T19:57:32.551016Z","level":"info","event":"Filling up the DagBag from /opt/airflow/dags/11.Xcom2.py","logger":"airflow.models.dagbag.DagBag","filename":"dagbag.py","lineno":593}
{"timestamp":"2026-09-02T19:57:38.272940Z","level":"info","event":"Filling up the DagBag from /opt/airflow/dags/11.Xcom2.py","logger":"airflow.models.dagbag.DagBag","filename":"dagbag.py","lineno":593}
{"timestamp":"2026-09-02T19:57:45.636326Z","level":"info","event":"Filling up the DagBag from /opt/airflow/dags/11.Xcom2.py","logger":"airflow.models.dagbag.DagBag","filename":"dagbag.py","lineno":593}
{"timestamp":"2026-09-02T19:57:53.442996Z","level":"info","event":"Filling up the DagBag from /opt/airflow/dags/11.Xcom2.py","logger":"airflow.models.dagbag.DagBag","filename":"dagbag.py","lineno":593}
{"timestamp":"2026-09-02T19:57:59.865184Z","level":"info","event":"Filling up the DagBag from /opt/airflow/dags/11.Xcom2.py","logger":"airflow.models.dagbag.DagBag","filename":"dagbag.py","lineno":593}
{"timestamp":"2026-09-02T19:58:06.164608Z","level":"info","event":"Filling up the DagBag from /opt/airflow/dags/11.Xcom2.py","logger":"airflow.models.dagbag.DagBag","filename":"dagbag.py","lineno":593}
{"timestamp":"2026-09-02T19:58:13.061224Z","level":"info","event":"Filling up the DagBag from /opt/airflow/dags/11.Xcom2.py","logger":"airflow.models.dagbag.DagBag","filename":"dagbag.py","lineno":593}
{"timestamp":"2026-09-02T19:58:18.823091Z","level":"info","event":"Filling up the DagBag from /opt/airflow/dags/11.Xcom2.py","logger":"airflow.models.dagbag.DagBag","filename":"dagbag.py","lineno":593}
{"timestamp":"2026-09-02T19:58:25.266562Z","level":"info","event":"Filling up the DagBag from /opt/airflow/dags/11.Xcom2.py","logger":"airflow.models.dagbag.DagBag","filename":"dagbag.py","lineno":593}
{"timestamp":"2026-09-02T19:58:32.299822Z","level":"info","event":"Filling up the DagBag from /opt/airflow/dags/11.Xcom2.py","logger":"airflow.models.dagbag.DagBag","filename":"dagbag.py","lineno":593}
{"timestamp":"2026-09-02T19:58:39.631026Z","level":"info","event":"Filling up the DagBag from /opt/airflow/dags/11.Xcom2.py","logger":"airflow.models.dagbag.DagBag","filename":"dagbag.py","lineno":593}
{"timestamp":"2026-09-02T19:58:45.835290Z","level":"info","event":"Filling up the DagBag from /opt/airflow/dags/11.Xcom2.py","logger":"airflow.models.dagbag.DagBag","filename":"dagbag.py","lineno":593}
{"timestamp":"2026-09-02T19:58:52.068004Z","level":"info","event":"Filling up the DagBag from /opt/airflow/dags/11.Xcom2.py","logger":"airflow.models.dagbag.DagBag","filename":"dagbag.py","lineno":593}
{"timestamp":"2026-09-02T19:58:58.457908Z","level":"info","event":"Filling up the DagBag from /opt/airflow/dags/11.Xcom2.py","logger":"airflow.models.dagbag.DagBag","filename":"dagbag.py","lineno":593}
{"timestamp":"2026-09-02T19:59:05.776364Z","level":"info","event":"Filling up the DagBag from /opt/airflow/dags/11.Xcom2.py","logger":"airflow.models.dagbag.DagBag","filename":"dagbag.py","lineno":593}
{"timestamp":"2026-09-02T19:59:14.037930Z","level":"info","event":"Filling up the DagBag from /opt/airflow/dags/11.Xcom2.py","logger":"airflow.models.dagbag.DagBag","filename":"dagbag.py","lineno":593}
{"timestamp":"2026-09-02T19:59:20.700969Z","level":"info","event":"Filling up the DagBag from /opt/airflow/dags/11.Xcom2.py","logger":"airflow.models.dagbag.DagBag","filename":"dagbag.py","lineno":593}
{"timestamp":"2026-09-02T19:59:28.135046Z","level":"info","event":"Filling up the DagBag from /opt/airflow/dags/11.Xcom2.py","logger":"airflow.models.dagbag.DagBag","filename":"dagbag.py","lineno":593}
{"timestamp":"2026-09-02T19:59:34.605626Z","level":"info","event":"Filling up the DagBag from /opt/airflow/dags/11.Xcom2.py","logger":"airflow.models.dagbag.DagBag","filename":"dagbag.py","lineno":593}
{"timestamp":"2026-09-02T19:59:40.311757Z","level":"info","event":"Filling up the DagBag from /opt/airflow/dags/11.Xcom2.py","logger":"airflow.models.dagbag.DagBag","filename":"dagbag.py","lineno":593}
{"timestamp":"2026-09-02T19:59:46.947430Z","level":"info","event":"Filling up the DagBag from /opt/airflow/dags/11.Xcom2.py","logger":"airflow.models.dagbag.DagBag","filename":"dagbag.py","lineno":593}
{"timestamp":"2026-09-02T19:59:53.716884Z","level":"info","event":"Filling up the DagBag from /opt/airflow/dags/11.Xcom2.py","logger":"airflow.models.dagbag.DagBag","filename":"dagbag.py","lineno":593}
{"timestamp":"2026-09-02T20:00:02.757136Z","level":"info","event":"Filling up the DagBag from /opt/airflow/dags/11.Xcom2.py","logger":"airflow.models.dagbag.DagBag","filename":"dagbag.py","lineno":593}
{"timestamp":"2026-09-02T20:00:12.205040Z","level":"info","event":"Filling up the DagBag from /opt/airflow/dags/11.Xcom2.py","logger":"airflow.models.dagbag.DagBag","filename":"dagbag.py","lineno":593}
{"timestamp":"2026-09-02T20:00:18.704701Z","level":"info","event":"Filling up the DagBag from /opt/airflow/dags/11.Xcom2.py","logger":"airflow.models.dagbag.DagBag","filename":"dagbag.py","lineno":593}
{"timestamp":"2026-09-02T20:00:30.239391Z","level":"info","event":"Filling up the DagBag from /opt/airflow/dags/11.Xcom2.py","logger":"airflow.models.dagbag.DagBag","filename":"dagbag.py","lineno":593}
{"timestamp":"2026-09-02T20:00:39.458824Z","level":"info","event":"Filling up the DagBag from /opt/airflow/dags/11.Xcom2.py","logger":"airflow.models.dagbag.DagBag","filename":"dagbag.py","lineno":593}
{"timestamp":"2026-09-02T20:00:47.467826Z","level":"info","event":"Filling up the DagBag from /opt/airflow/dags/11.Xcom2.py","logger":"airflow.models.dagbag.DagBag","filename":"dagbag.py","lineno":593}
{"timestamp":"2026-09-02T20:00:55.180506Z","level":"info","event":"Filling up the DagBag from /opt/airflow/dags/11.Xcom2.py","logger":"airflow.models.dagbag.DagBag","filename":"dagbag.py","lineno":593}
{"timestamp":"2026-09-02T20:01:00.899140Z","level":"info","event":"Filling up the DagBag from /opt/airflow/dags/11.Xcom2.py","logger":"airflow.models.dagbag.DagBag","filename":"dagbag.py","lineno":593}
{"timestamp":"2026-09-02T20:01:11.231561Z","level":"info","event":"Filling up the DagBag from /opt/airflow/dags/11.Xcom2.py","logger":"airflow.models.dagbag.DagBag","filename":"dagbag.py","lineno":593}
{"timestamp":"2026-09-02T20:01:19.122491Z","level":"info","event":"Filling up the DagBag from /opt/airflow/dags/11.Xcom2.py","logger":"airflow.models.dagbag.DagBag","filename":"dagbag.py","lineno":593}
{"timestamp":"2026-09-02T20:01:26.217594Z","level":"info","event":"Filling up the DagBag from /opt/airflow/dags/11.Xcom2.py","logger":"airflow.models.dagbag.DagBag","filename":"dagbag.py","lineno":593}
{"timestamp":"2026-09-02T20:01:33.696757Z","level":"info","event":"Filling up the DagBag from /opt/airflow/dags/11.Xcom2.py","logger":"airflow.models.dagbag.DagBag","filename":"dagbag.py","lineno":593}
{"timestamp":"2026-09-02T20:01:40.454568Z","level":"info","event":"Filling up the DagBag from /opt/airflow/dags/11.Xcom2.py","logger":"airflow.models.dagbag.DagBag","filename":"dagbag.py","lineno":593}
{"timestamp":"2026-09-02T20:01:47.213360Z","level":"info","event":"Filling up the DagBag from /opt/airflow/dags/11.Xcom2.py","logger":"airflow.models.dagbag.DagBag","filename":"dagbag.py","lineno":593}
{"timestamp":"2026-09-02T20:01:55.457571Z","level":"info","event":"Filling up the DagBag from /opt/airflow/dags/11.Xcom2.py","logger":"airflow.models.dagbag.DagBag","filename":"dagbag.py","lineno":593}
{"timestamp":"2026-09-02T20:02:03.591101Z","level":"info","event":"Filling up the DagBag from /opt/airflow/dags/11.Xcom2.py","logger":"airflow.models.dagbag.DagBag","filename":"dagbag.py","lineno":593}
{"timestamp":"2026-09-02T20:02:09.702857Z","level":"info","event":"Filling up the DagBag from /opt/airflow/dags/11.Xcom2.py","logger":"airflow.models.dagbag.DagBag","filename":"dagbag.py","lineno":593}
{"timestamp":"2026-09-02T20:02:16.162040Z","level":"info","event":"Filling up the DagBag from /opt/airflow/dags/11.Xcom2.py","logger":"airflow.models.dagbag.DagBag","filename":"dagbag.py","lineno":593}
{"timestamp":"2026-09-02T20:02:22.673198Z","level":"info","event":"Filling up the DagBag from /opt/airflow/dags/11.Xcom2.py","logger":"airflow.models.dagbag.DagBag","filename":"dagbag.py","lineno":593}
{"timestamp":"2026-09-02T20:02:29.250128Z","level":"info","event":"Filling up the DagBag from /opt/airflow/dags/11.Xcom2.py","logger":"airflow.models.dagbag.DagBag","filename":"dagbag.py","lineno":593}
{"timestamp":"2026-09-02T20:02:37.656071Z","level":"info","event":"Filling up the DagBag from /opt/airflow/dags/11.Xcom2.py","logger":"airflow.models.dagbag.DagBag","filename":"dagbag.py","lineno":593}
{"timestamp":"2026-09-02T20:02:45.492823Z","level":"info","event":"Filling up the DagBag from /opt/airflow/dags/11.Xcom2.py","logger":"airflow.models.dagbag.DagBag","filename":"dagbag.py","lineno":593}
{"timestamp":"2026-09-02T20:02:54.856725Z","level":"info","event":"Filling up the DagBag from /opt/airflow/dags/11.Xcom2.py","logger":"airflow.models.dagbag.DagBag","filename":"dagbag.py","lineno":593}
{"timestamp":"2026-09-02T20:03:04.813661Z","level":"info","event":"Filling up the DagBag from /opt/airflow/dags/11.Xcom2.py","logger":"airflow.models.dagbag.DagBag","filename":"dagbag.py","lineno":593}
{"timestamp":"2026-09-02T20:03:12.052859Z","level":"info","event":"Filling up the DagBag from /opt/airflow/dags/11.Xcom2.py","logger":"airflow.models.dagbag.DagBag","filename":"dagbag.py","lineno":593}
{"timestamp":"2026-09-02T20:03:22.073165Z","level":"info","event":"Filling up the DagBag from /opt/airflow/dags/11.Xcom2.py","logger":"airflow.models.dagbag.DagBag","filename":"dagbag.py","lineno":593}
{"timestamp":"2026-09-02T20:03:32.143386Z","level":"info","event":"Filling up the DagBag from /opt/airflow/dags/11.Xcom2.py","logger":"airflow.models.dagbag.DagBag","filename":"dagbag.py","lineno":593}
{"timestamp":"2026-09-02T20:03:39.565051Z","level":"info","event":"Filling up the DagBag from /opt/airflow/dags/11.Xcom2.py","logger":"airflow.models.dagbag.DagBag","filename":"dagbag.py","lineno":593}
{"timestamp":"2026-09-02T20:03:47.312840Z","level":"info","event":"Filling up the DagBag from /opt/airflow/dags/11.Xcom2.py","logger":"airflow.models.dagbag.DagBag","filename":"dagbag.py","lineno":593}
{"timestamp":"2026-09-02T20:03:58.124294Z","level":"info","event":"Filling up the DagBag from /opt/airflow/dags/11.Xcom2.py","logger":"airflow.models.dagbag.DagBag","filename":"dagbag.py","lineno":593}
{"timestamp":"2026-09-02T20:04:07.297188Z","level":"info","event":"Filling up the DagBag from /opt/airflow/dags/11.Xcom2.py","logger":"airflow.models.dagbag.DagBag","filename":"dagbag.py","lineno":593}
{"timestamp":"2026-09-02T20:04:17.453060Z","level":"info","event":"Filling up the DagBag from /opt/airflow/dags/11.Xcom2.py","logger":"airflow.models.dagbag.DagBag","filename":"dagbag.py","lineno":593}
{"timestamp":"2026-09-02T20:04:25.041120Z","level":"info","event":"Filling up the DagBag from /opt/airflow/dags/11.Xcom2.py","logger":"airflow.models.dagbag.DagBag","filename":"dagbag.py","lineno":593}
{"timestamp":"2026-09-02T20:04:34.941033Z","level":"info","event":"Filling up the DagBag from /opt/airflow/dags/11.Xcom2.py","logger":"airflow.models.dagbag.DagBag","filename":"dagbag.py","lineno":593}
{"timestamp":"2026-09-02T20:04:43.886085Z","level":"info","event":"Filling up the DagBag from /opt/airflow/dags/11.Xcom2.py","logger":"airflow.models.dagbag.DagBag","filename":"dagbag.py","lineno":593}
{"timestamp":"2026-09-02T20:04:53.687225Z","level":"info","event":"Filling up the DagBag from /opt/airflow/dags/11.Xcom2.py","logger":"airflow.models.dagbag.DagBag","filename":"dagbag.py","lineno":593}
{"timestamp":"2026-09-02T20:05:02.398340Z","level":"info","event":"Filling up the DagBag from /opt/airflow/dags/11.Xcom2.py","logger":"airflow.models.dagbag.DagBag","filename":"dagbag.py","lineno":593}
{"timestamp":"2026-09-02T20:05:14.261476Z","level":"info","event":"Filling up the DagBag from /opt/airflow/dags/11.Xcom2.py","logger":"airflow.models.dagbag.DagBag","filename":"dagbag.py","lineno":593}
{"timestamp":"2026-09-02T20:05:26.411498Z","level":"info","event":"Filling up the DagBag from /opt/airflow/dags/11.Xcom2.py","logger":"airflow.models.dagbag.DagBag","filename":"dagbag.py","lineno":593}
{"timestamp":"2026-09-02T20:05:37.209800Z","level":"info","event":"Filling up the DagBag from /opt/airflow/dags/11.Xcom2.py","logger":"airflow.models.dagbag.DagBag","filename":"dagbag.py","lineno":593}
{"timestamp":"2026-09-02T20:05:46.746038Z","level":"info","event":"Filling up the DagBag from /opt/airflow/dags/11.Xcom2.py","logger":"airflow.models.dagbag.DagBag","filename":"dagbag.py","lineno":593}
{"timestamp":"2026-09-02T20:05:58.375727Z","level":"info","event":"Filling up the DagBag from /opt/airflow/dags/11.Xcom2.py","logger":"airflow.models.dagbag.DagBag","filename":"dagbag.py","lineno":593}
{"timestamp":"2026-09-02T20:06:08.478297Z","level":"info","event":"Filling up the DagBag from /opt/airflow/dags/11.Xcom2.py","logger":"airflow.models.dagbag.DagBag","filename":"dagbag.py","lineno":593}
{"timestamp":"2026-09-02T20:06:20.586268Z","level":"info","event":"Filling up the DagBag from /opt/airflow/dags/11.Xcom2.py","logger":"airflow.models.dagbag.DagBag","filename":"dagbag.py","lineno":593}
{"timestamp":"2026-09-02T20:06:30.927545Z","level":"info","event":"Filling up the DagBag from /opt/airflow/dags/11.Xcom2.py","logger":"airflow.models.dagbag.DagBag","filename":"dagbag.py","lineno":593}
{"timestamp":"2026-09-02T20:06:46.727554Z","level":"info","event":"Filling up the DagBag from /opt/airflow/dags/11.Xcom2.py","logger":"airflow.models.dagbag.DagBag","filename":"dagbag.py","lineno":593}
{"timestamp":"2026-09-02T20:06:55.287818Z","level":"info","event":"Filling up the DagBag from /opt/airflow/dags/11.Xcom2.py","logger":"airflow.models.dagbag.DagBag","filename":"dagbag.py","lineno":593}
{"timestamp":"2026-09-02T20:07:06.111778Z","level":"info","event":"Filling up the DagBag from /opt/airflow/dags/11.Xcom2.py","logger":"airflow.models.dagbag.DagBag","filename":"dagbag.py","lineno":593}
{"timestamp":"2026-09-02T20:07:16.300939Z","level":"info","event":"Filling up the DagBag from /opt/airflow/dags/11.Xcom2.py","logger":"airflow.models.dagbag.DagBag","filename":"dagbag.py","lineno":593}
{"timestamp":"2026-09-02T20:07:28.405048Z","level":"info","event":"Filling up the DagBag from /opt/airflow/dags/11.Xcom2.py","logger":"airflow.models.dagbag.DagBag","filename":"dagbag.py","lineno":593}
{"timestamp":"2026-09-02T20:07:38.454963Z","level":"info","event":"Filling up the DagBag from /opt/airflow/dags/11.Xcom2.py","logger":"airflow.models.dagbag.DagBag","filename":"dagbag.py","lineno":593}
{"timestamp":"2026-09-02T20:07:48.290883Z","level":"info","event":"Filling up the DagBag from /opt/airflow/dags/11.Xcom2.py","logger":"airflow.models.dagbag.DagBag","filename":"dagbag.py","lineno":593}
{"timestamp":"2026-09-02T20:07:58.557270Z","level":"info","event":"Filling up the DagBag from /opt/airflow/dags/11.Xcom2.py","logger":"airflow.models.dagbag.DagBag","filename":"dagbag.py","lineno":593}
{"timestamp":"2026-09-02T20:08:05.208352Z","level":"info","event":"Filling up the DagBag from /opt/airflow/dags/11.Xcom2.py","logger":"airflow.models.dagbag.DagBag","filename":"dagbag.py","lineno":593}
{"timestamp":"2026-09-02T20:08:13.814624Z","level":"info","event":"Filling up the DagBag from /opt/airflow/dags/11.Xcom2.py","logger":"airflow.models.dagbag.DagBag","filename":"dagbag.py","lineno":593}
{"timestamp":"2026-09-02T20:08:25.597450Z","level":"info","event":"Filling up the DagBag from /opt/airflow/dags/11.Xcom2.py","logger":"airflow.models.dagbag.DagBag","filename":"dagbag.py","lineno":593}
{"timestamp":"2026-09-02T20:08:35.844496Z","level":"info","event":"Filling up the DagBag from /opt/airflow/dags/11.Xcom2.py","logger":"airflow.models.dagbag.DagBag","filename":"dagbag.py","lineno":593}
{"timestamp":"2026-09-02T20:08:50.301769Z","level":"info","event":"Filling up the DagBag from /opt/airflow/dags/11.Xcom2.py","logger":"airflow.models.dagbag.DagBag","filename":"dagbag.py","lineno":593}
{"timestamp":"2026-09-02T20:09:01.174614Z","level":"info","event":"Filling up the DagBag from /opt/airflow/dags/11.Xcom2.py","logger":"airflow.models.dagbag.DagBag","filename":"dagbag.py","lineno":593}
{"timestamp":"2026-09-02T20:09:09.684579Z","level":"info","event":"Filling up the DagBag from /opt/airflow/dags/11.Xcom2.py","logger":"airflow.models.dagbag.DagBag","filename":"dagbag.py","lineno":593}
{"timestamp":"2026-09-02T20:09:24.542668Z","level":"info","event":"Filling up the DagBag from /opt/airflow/dags/11.Xcom2.py","logger":"airflow.models.dagbag.DagBag","filename":"dagbag.py","lineno":593}
{"timestamp":"2026-09-02T20:09:36.584552Z","level":"info","event":"Filling up the DagBag from /opt/airflow/dags/11.Xcom2.py","logger":"airflow.models.dagbag.DagBag","filename":"dagbag.py","lineno":593}
{"timestamp":"2026-09-02T20:09:45.151413Z","level":"info","event":"Filling up the DagBag from /opt/airflow/dags/11.Xcom2.py","logger":"airflow.models.dagbag.DagBag","filename":"dagbag.py","lineno":593}
{"timestamp":"2026-09-02T20:09:56.076384Z","level":"info","event":"Filling up the DagBag from /opt/airflow/dags/11.Xcom2.py","logger":"airflow.models.dagbag.DagBag","filename":"dagbag.py","lineno":593}
{"timestamp":"2026-09-02T20:10:09.578307Z","level":"info","event":"Filling up the DagBag from /opt/airflow/dags/11.Xcom2.py","logger":"airflow.models.dagbag.DagBag","filename":"dagbag.py","lineno":593}
{"timestamp":"2026-09-02T20:10:19.920979Z","level":"info","event":"Filling up the DagBag from /opt/airflow/dags/11.Xcom2.py","logger":"airflow.models.dagbag.DagBag","filename":"dagbag.py","lineno":593}
{"timestamp":"2026-09-02T20:10:28.454745Z","level":"info","event":"Filling up the DagBag from /opt/airflow/dags/11.Xcom2.py","logger":"airflow.models.dagbag.DagBag","filename":"dagbag.py","lineno":593}
{"timestamp":"2026-09-02T20:10:36.116790Z","level":"info","event":"Filling up the DagBag from /opt/airflow/dags/11.Xcom2.py","logger":"airflow.models.dagbag.DagBag","filename":"dagbag.py","lineno":593}
{"timestamp":"2026-09-02T20:10:46.970557Z","level":"info","event":"Filling up the DagBag from /opt/airflow/dags/11.Xcom2.py","logger":"airflow.models.dagbag.DagBag","filename":"dagbag.py","lineno":593}
{"timestamp":"2026-09-02T20:10:56.926304Z","level":"info","event":"Filling up the DagBag from /opt/airflow/dags/11.Xcom2.py","logger":"airflow.models.dagbag.DagBag","filename":"dagbag.py","lineno":593}
{"timestamp":"2026-09-02T20:11:06.290706Z","level":"info","event":"Filling up the DagBag from /opt/airflow/dags/11.Xcom2.py","logger":"airflow.models.dagbag.DagBag","filename":"dagbag.py","lineno":593}
{"timestamp":"2026-09-02T20:11:19.015936Z","level":"info","event":"Filling up the DagBag from /opt/airflow/dags/11.Xcom2.py","logger":"airflow.models.dagbag.DagBag","filename":"dagbag.py","lineno":593}
{"timestamp":"2026-09-02T20:11:29.915574Z","level":"info","event":"Filling up the DagBag from /opt/airflow/dags/11.Xcom2.py","logger":"airflow.models.dagbag.DagBag","filename":"dagbag.py","lineno":593}
{"timestamp":"2026-09-02T20:11:39.303912Z","level":"info","event":"Filling up the DagBag from /opt/airflow/dags/11.Xcom2.py","logger":"airflow.models.dagbag.DagBag","filename":"dagbag.py","lineno":593}
{"timestamp":"2026-09-02T20:11:46.899501Z","level":"info","event":"Filling up the DagBag from /opt/airflow/dags/11.Xcom2.py","logger":"airflow.models.dagbag.DagBag","filename":"dagbag.py","lineno":593}
{"timestamp":"2026-09-02T20:12:00.169159Z","level":"info","event":"Filling up the DagBag from /opt/airflow/dags/11.Xcom2.py","logger":"airflow.models.dagbag.DagBag","filename":"dagbag.py","lineno":593}
{"timestamp":"2026-09-02T20:12:09.979241Z","level":"info","event":"Filling up the DagBag from /opt/airflow/dags/11.Xcom2.py","logger":"airflow.models.dagbag.DagBag","filename":"dagbag.py","lineno":593}
{"timestamp":"2026-09-02T20:12:20.998431Z","level":"info","event":"Filling up the DagBag from /opt/airflow/dags/11.Xcom2.py","logger":"airflow.models.dagbag.DagBag","filename":"dagbag.py","lineno":593}
{"timestamp":"2026-09-02T20:12:30.935173Z","level":"info","event":"Filling up the DagBag from /opt/airflow/dags/11.Xcom2.py","logger":"airflow.models.dagbag.DagBag","filename":"dagbag.py","lineno":593}
{"timestamp":"2026-09-02T20:12:42.517252Z","level":"info","event":"Filling up the DagBag from /opt/airflow/dags/11.Xcom2.py","logger":"airflow.models.dagbag.DagBag","filename":"dagbag.py","lineno":593}
{"timestamp":"2026-09-02T20:12:54.689515Z","level":"info","event":"Filling up the DagBag from /opt/airflow/dags/11.Xcom2.py","logger":"airflow.models.dagbag.DagBag","filename":"dagbag.py","lineno":593}
{"timestamp":"2026-09-02T20:13:05.790044Z","level":"info","event":"Filling up the DagBag from /opt/airflow/dags/11.Xcom2.py","logger":"airflow.models.dagbag.DagBag","filename":"dagbag.py","lineno":593}
{"timestamp":"2026-09-02T20:13:16.044744Z","level":"info","event":"Filling up the DagBag from /opt/airflow/dags/11.Xcom2.py","logger":"airflow.models.dagbag.DagBag","filename":"dagbag.py","lineno":593}
{"timestamp":"2026-09-02T20:13:24.645150Z","level":"info","event":"Filling up the DagBag from /opt/airflow/dags/11.Xcom2.py","logger":"airflow.models.dagbag.DagBag","filename":"dagbag.py","lineno":593}
{"timestamp":"2026-09-02T20:13:31.857796Z","level":"info","event":"Filling up the DagBag from /opt/airflow/dags/11.Xcom2.py","logger":"airflow.models.dagbag.DagBag","filename":"dagbag.py","lineno":593}
{"timestamp":"2026-09-02T20:13:37.969359Z","level":"info","event":"Filling up the DagBag from /opt/airflow/dags/11.Xcom2.py","logger":"airflow.models.dagbag.DagBag","filename":"dagbag.py","lineno":593}
{"timestamp":"2026-09-02T20:13:43.934229Z","level":"info","event":"Filling up the DagBag from /opt/airflow/dags/11.Xcom2.py","logger":"airflow.models.dagbag.DagBag","filename":"dagbag.py","lineno":593}
{"timestamp":"2026-09-02T20:13:50.896033Z","level":"info","event":"Filling up the DagBag from /opt/airflow/dags/11.Xcom2.py","logger":"airflow.models.dagbag.DagBag","filename":"dagbag.py","lineno":593}
{"timestamp":"2026-09-02T20:13:57.444680Z","level":"info","event":"Filling up the DagBag from /opt/airflow/dags/11.Xcom2.py","logger":"airflow.models.dagbag.DagBag","filename":"dagbag.py","lineno":593}
{"timestamp":"2026-09-02T20:14:04.342673Z","level":"info","event":"Filling up the DagBag from /opt/airflow/dags/11.Xcom2.py","logger":"airflow.models.dagbag.DagBag","filename":"dagbag.py","lineno":593}
{"timestamp":"2026-09-02T20:14:10.589922Z","level":"info","event":"Filling up the DagBag from /opt/airflow/dags/11.Xcom2.py","logger":"airflow.models.dagbag.DagBag","filename":"dagbag.py","lineno":593}
{"timestamp":"2026-09-02T20:14:16.585451Z","level":"info","event":"Filling up the DagBag from /opt/airflow/dags/11.Xcom2.py","logger":"airflow.models.dagbag.DagBag","filename":"dagbag.py","lineno":593}
{"timestamp":"2026-09-02T20:14:22.329277Z","level":"info","event":"Filling up the DagBag from /opt/airflow/dags/11.Xcom2.py","logger":"airflow.models.dagbag.DagBag","filename":"dagbag.py","lineno":593}
{"timestamp":"2026-09-02T20:14:28.077549Z","level":"info","event":"Filling up the DagBag from /opt/airflow/dags/11.Xcom2.py","logger":"airflow.models.dagbag.DagBag","filename":"dagbag.py","lineno":593}
{"timestamp":"2026-09-02T20:14:33.937219Z","level":"info","event":"Filling up the DagBag from /opt/airflow/dags/11.Xcom2.py","logger":"airflow.models.dagbag.DagBag","filename":"dagbag.py","lineno":593}
{"timestamp":"2026-09-02T20:14:40.658069Z","level":"info","event":"Filling up the DagBag from /opt/airflow/dags/11.Xcom2.py","logger":"airflow.models.dagbag.DagBag","filename":"dagbag.py","lineno":593}
{"timestamp":"2026-09-02T20:14:46.799709Z","level":"info","event":"Filling up the DagBag from /opt/airflow/dags/11.Xcom2.py","logger":"airflow.models.dagbag.DagBag","filename":"dagbag.py","lineno":593}
{"timestamp":"2026-09-02T20:14:52.829972Z","level":"info","event":"Filling up the DagBag from /opt/airflow/dags/11.Xcom2.py","logger":"airflow.models.dagbag.DagBag","filename":"dagbag.py","lineno":593}
{"timestamp":"2026-09-02T20:14:58.736657Z","level":"info","event":"Filling up the DagBag from /opt/airflow/dags/11.Xcom2.py","logger":"airflow.models.dagbag.DagBag","filename":"dagbag.py","lineno":593}
{"timestamp":"2026-09-02T20:15:04.525309Z","level":"info","event":"Filling up the DagBag from /opt/airflow/dags/11.Xcom2.py","logger":"airflow.models.dagbag.DagBag","filename":"dagbag.py","lineno":593}
{"timestamp":"2026-09-02T20:15:10.277523Z","level":"info","event":"Filling up the DagBag from /opt/airflow/dags/11.Xcom2.py","logger":"airflow.models.dagbag.DagBag","filename":"dagbag.py","lineno":593}
{"timestamp":"2026-09-02T20:15:16.381495Z","level":"info","event":"Filling up the DagBag from /opt/airflow/dags/11.Xcom2.py","logger":"airflow.models.dagbag.DagBag","filename":"dagbag.py","lineno":593}
{"timestamp":"2026-09-02T20:15:24.788033Z","level":"info","event":"Filling up the DagBag from /opt/airflow/dags/11.Xcom2.py","logger":"airflow.models.dagbag.DagBag","filename":"dagbag.py","lineno":593}
{"timestamp":"2026-09-02T20:15:30.394771Z","level":"info","event":"Filling up the DagBag from /opt/airflow/dags/11.Xcom2.py","logger":"airflow.models.dagbag.DagBag","filename":"dagbag.py","lineno":593}
{"timestamp":"2026-09-02T20:15:37.012685Z","level":"info","event":"Filling up the DagBag from /opt/airflow/dags/11.Xcom2.py","logger":"airflow.models.dagbag.DagBag","filename":"dagbag.py","lineno":593}
{"timestamp":"2026-09-02T20:15:42.577150Z","level":"info","event":"Filling up the DagBag from /opt/airflow/dags/11.Xcom2.py","logger":"airflow.models.dagbag.DagBag","filename":"dagbag.py","lineno":593}
{"timestamp":"2026-09-02T20:15:48.252488Z","level":"info","event":"Filling up the DagBag from /opt/airflow/dags/11.Xcom2.py","logger":"airflow.models.dagbag.DagBag","filename":"dagbag.py","lineno":593}
{"timestamp":"2026-09-02T20:15:53.842541Z","level":"info","event":"Filling up the DagBag from /opt/airflow/dags/11.Xcom2.py","logger":"airflow.models.dagbag.DagBag","filename":"dagbag.py","lineno":593}
{"timestamp":"2026-09-02T20:16:00.848328Z","level":"info","event":"Filling up the DagBag from /opt/airflow/dags/11.Xcom2.py","logger":"airflow.models.dagbag.DagBag","filename":"dagbag.py","lineno":593}
{"timestamp":"2026-09-02T20:16:07.633762Z","level":"info","event":"Filling up the DagBag from /opt/airflow/dags/11.Xcom2.py","logger":"airflow.models.dagbag.DagBag","filename":"dagbag.py","lineno":593}
{"timestamp":"2026-09-02T20:16:13.661465Z","level":"info","event":"Filling up the DagBag from /opt/airflow/dags/11.Xcom2.py","logger":"airflow.models.dagbag.DagBag","filename":"dagbag.py","lineno":593}
{"timestamp":"2026-09-02T20:16:19.244302Z","level":"info","event":"Filling up the DagBag from /opt/airflow/dags/11.Xcom2.py","logger":"airflow.models.dagbag.DagBag","filename":"dagbag.py","lineno":593}
{"timestamp":"2026-09-02T20:16:24.938782Z","level":"info","event":"Filling up the DagBag from /opt/airflow/dags/11.Xcom2.py","logger":"airflow.models.dagbag.DagBag","filename":"dagbag.py","lineno":593}
{"timestamp":"2026-09-02T20:16:30.548171Z","level":"info","event":"Filling up the DagBag from /opt/airflow/dags/11.Xcom2.py","logger":"airflow.models.dagbag.DagBag","filename":"dagbag.py","lineno":593}
{"timestamp":"2026-09-02T20:16:36.900966Z","level":"info","event":"Filling up the DagBag from /opt/airflow/dags/11.Xcom2.py","logger":"airflow.models.dagbag.DagBag","filename":"dagbag.py","lineno":593}
{"timestamp":"2026-09-02T20:16:43.896049Z","level":"info","event":"Filling up the DagBag from /opt/airflow/dags/11.Xcom2.py","logger":"airflow.models.dagbag.DagBag","filename":"dagbag.py","lineno":593}
{"timestamp":"2026-09-02T20:16:50.750092Z","level":"info","event":"Filling up the DagBag from /opt/airflow/dags/11.Xcom2.py","logger":"airflow.models.dagbag.DagBag","filename":"dagbag.py","lineno":593}
{"timestamp":"2026-09-02T20:16:56.336925Z","level":"info","event":"Filling up the DagBag from /opt/airflow/dags/11.Xcom2.py","logger":"airflow.models.dagbag.DagBag","filename":"dagbag.py","lineno":593}
{"timestamp":"2026-09-02T20:17:02.017804Z","level":"info","event":"Filling up the DagBag from /opt/airflow/dags/11.Xcom2.py","logger":"airflow.models.dagbag.DagBag","filename":"dagbag.py","lineno":593}
{"timestamp":"2026-09-02T20:17:07.549039Z","level":"info","event":"Filling up the DagBag from /opt/airflow/dags/11.Xcom2.py","logger":"airflow.models.dagbag.DagBag","filename":"dagbag.py","lineno":593}
{"timestamp":"2026-09-02T20:17:13.490225Z","level":"info","event":"Filling up the DagBag from /opt/airflow/dags/11.Xcom2.py","logger":"airflow.models.dagbag.DagBag","filename":"dagbag.py","lineno":593}
{"timestamp":"2026-09-02T20:17:19.823419Z","level":"info","event":"Filling up the DagBag from /opt/airflow/dags/11.Xcom2.py","logger":"airflow.models.dagbag.DagBag","filename":"dagbag.py","lineno":593}
{"timestamp":"2026-09-02T20:17:26.216150Z","level":"info","event":"Filling up the DagBag from /opt/airflow/dags/11.Xcom2.py","logger":"airflow.models.dagbag.DagBag","filename":"dagbag.py","lineno":593}
{"timestamp":"2026-09-02T20:17:32.294430Z","level":"info","event":"Filling up the DagBag from /opt/airflow/dags/11.Xcom2.py","logger":"airflow.models.dagbag.DagBag","filename":"dagbag.py","lineno":593}
{"timestamp":"2026-09-02T20:17:38.286184Z","level":"info","event":"Filling up the DagBag from /opt/airflow/dags/11.Xcom2.py","logger":"airflow.models.dagbag.DagBag","filename":"dagbag.py","lineno":593}
{"timestamp":"2026-09-02T20:17:44.260201Z","level":"info","event":"Filling up the DagBag from /opt/airflow/dags/11.Xcom2.py","logger":"airflow.models.dagbag.DagBag","filename":"dagbag.py","lineno":593}
{"timestamp":"2026-09-02T20:17:50.382704Z","level":"info","event":"Filling up the DagBag from /opt/airflow/dags/11.Xcom2.py","logger":"airflow.models.dagbag.DagBag","filename":"dagbag.py","lineno":593}
{"timestamp":"2026-09-02T20:17:56.396750Z","level":"info","event":"Filling up the DagBag from /opt/airflow/dags/11.Xcom2.py","logger":"airflow.models.dagbag.DagBag","filename":"dagbag.py","lineno":593}
{"timestamp":"2026-09-02T20:18:03.491992Z","level":"info","event":"Filling up the DagBag from /opt/airflow/dags/11.Xcom2.py","logger":"airflow.models.dagbag.DagBag","filename":"dagbag.py","lineno":593}
{"timestamp":"2026-09-02T20:18:09.624218Z","level":"info","event":"Filling up the DagBag from /opt/airflow/dags/11.Xcom2.py","logger":"airflow.models.dagbag.DagBag","filename":"dagbag.py","lineno":593}
{"timestamp":"2026-09-02T20:18:15.583165Z","level":"info","event":"Filling up the DagBag from /opt/airflow/dags/11.Xcom2.py","logger":"airflow.models.dagbag.DagBag","filename":"dagbag.py","lineno":593}
{"timestamp":"2026-09-02T20:18:21.263909Z","level":"info","event":"Filling up the DagBag from /opt/airflow/dags/11.Xcom2.py","logger":"airflow.models.dagbag.DagBag","filename":"dagbag.py","lineno":593}
{"timestamp":"2026-09-02T20:18:26.579629Z","level":"info","event":"Filling up the DagBag from /opt/airflow/dags/11.Xcom2.py","logger":"airflow.models.dagbag.DagBag","filename":"dagbag.py","lineno":593}
{"timestamp":"2026-09-02T20:18:32.350133Z","level":"info","event":"Filling up the DagBag from /opt/airflow/dags/11.Xcom2.py","logger":"airflow.models.dagbag.DagBag","filename":"dagbag.py","lineno":593}
{"timestamp":"2026-09-02T20:18:38.757618Z","level":"info","event":"Filling up the DagBag from /opt/airflow/dags/11.Xcom2.py","logger":"airflow.models.dagbag.DagBag","filename":"dagbag.py","lineno":593}
{"timestamp":"2026-09-02T20:18:44.955345Z","level":"info","event":"Filling up the DagBag from /opt/airflow/dags/11.Xcom2.py","logger":"airflow.models.dagbag.DagBag","filename":"dagbag.py","lineno":593}
{"timestamp":"2026-09-02T20:18:51.431222Z","level":"info","event":"Filling up the DagBag from /opt/airflow/dags/11.Xcom2.py","logger":"airflow.models.dagbag.DagBag","filename":"dagbag.py","lineno":593}
{"timestamp":"2026-09-02T20:18:57.562110Z","level":"info","event":"Filling up the DagBag from /opt/airflow/dags/11.Xcom2.py","logger":"airflow.models.dagbag.DagBag","filename":"dagbag.py","lineno":593}
{"timestamp":"2026-09-02T20:19:03.032960Z","level":"info","event":"Filling up the DagBag from /opt/airflow/dags/11.Xcom2.py","logger":"airflow.models.dagbag.DagBag","filename":"dagbag.py","lineno":593}
{"timestamp":"2026-09-02T20:19:08.993895Z","level":"info","event":"Filling up the DagBag from /opt/airflow/dags/11.Xcom2.py","logger":"airflow.models.dagbag.DagBag","filename":"dagbag.py","lineno":593}
{"timestamp":"2026-09-02T20:19:14.285719Z","level":"info","event":"Filling up the DagBag from /opt/airflow/dags/11.Xcom2.py","logger":"airflow.models.dagbag.DagBag","filename":"dagbag.py","lineno":593}
{"timestamp":"2026-09-02T20:19:21.230832Z","level":"info","event":"Filling up the DagBag from /opt/airflow/dags/11.Xcom2.py","logger":"airflow.models.dagbag.DagBag","filename":"dagbag.py","lineno":593}
{"timestamp":"2026-09-02T20:19:28.004768Z","level":"info","event":"Filling up the DagBag from /opt/airflow/dags/11.Xcom2.py","logger":"airflow.models.dagbag.DagBag","filename":"dagbag.py","lineno":593}
{"timestamp":"2026-09-02T20:19:34.597741Z","level":"info","event":"Filling up the DagBag from /opt/airflow/dags/11.Xcom2.py","logger":"airflow.models.dagbag.DagBag","filename":"dagbag.py","lineno":593}
{"timestamp":"2026-09-02T20:19:40.732365Z","level":"info","event":"Filling up the DagBag from /opt/airflow/dags/11.Xcom2.py","logger":"airflow.models.dagbag.DagBag","filename":"dagbag.py","lineno":593}
{"timestamp":"2026-09-02T20:19:46.370497Z","level":"info","event":"Filling up the DagBag from /opt/airflow/dags/11.Xcom2.py","logger":"airflow.models.dagbag.DagBag","filename":"dagbag.py","lineno":593}
{"timestamp":"2026-09-02T20:19:51.812240Z","level":"info","event":"Filling up the DagBag from /opt/airflow/dags/11.Xcom2.py","logger":"airflow.models.dagbag.DagBag","filename":"dagbag.py","lineno":593}
{"timestamp":"2026-09-02T20:19:57.692728Z","level":"info","event":"Filling up the DagBag from /opt/airflow/dags/11.Xcom2.py","logger":"airflow.models.dagbag.DagBag","filename":"dagbag.py","lineno":593}
{"timestamp":"2026-09-02T20:20:05.627244Z","level":"info","event":"Filling up the DagBag from /opt/airflow/dags/11.Xcom2.py","logger":"airflow.models.dagbag.DagBag","filename":"dagbag.py","lineno":593}
{"timestamp":"2026-09-02T20:20:11.977413Z","level":"info","event":"Filling up the DagBag from /opt/airflow/dags/11.Xcom2.py","logger":"airflow.models.dagbag.DagBag","filename":"dagbag.py","lineno":593}
{"timestamp":"2026-09-02T20:20:18.054827Z","level":"info","event":"Filling up the DagBag from /opt/airflow/dags/11.Xcom2.py","logger":"airflow.models.dagbag.DagBag","filename":"dagbag.py","lineno":593}
{"timestamp":"2026-09-02T20:20:24.584761Z","level":"info","event":"Filling up the DagBag from /opt/airflow/dags/11.Xcom2.py","logger":"airflow.models.dagbag.DagBag","filename":"dagbag.py","lineno":593}
{"timestamp":"2026-09-02T20:20:30.567714Z","level":"info","event":"Filling up the DagBag from /opt/airflow/dags/11.Xcom2.py","logger":"airflow.models.dagbag.DagBag","filename":"dagbag.py","lineno":593}
{"timestamp":"2026-09-02T20:20:36.242963Z","level":"info","event":"Filling up the DagBag from /opt/airflow/dags/11.Xcom2.py","logger":"airflow.models.dagbag.DagBag","filename":"dagbag.py","lineno":593}
{"timestamp":"2026-09-02T20:20:42.639385Z","level":"info","event":"Filling up the DagBag from /opt/airflow/dags/11.Xcom2.py","logger":"airflow.models.dagbag.DagBag","filename":"dagbag.py","lineno":593}
{"timestamp":"2026-09-02T20:20:49.299909Z","level":"info","event":"Filling up the DagBag from /opt/airflow/dags/11.Xcom2.py","logger":"airflow.models.dagbag.DagBag","filename":"dagbag.py","lineno":593}
{"timestamp":"2026-09-02T20:20:55.281779Z","level":"info","event":"Filling up the DagBag from /opt/airflow/dags/11.Xcom2.py","logger":"airflow.models.dagbag.DagBag","filename":"dagbag.py","lineno":593}
{"timestamp":"2026-09-02T20:21:00.931071Z","level":"info","event":"Filling up the DagBag from /opt/airflow/dags/11.Xcom2.py","logger":"airflow.models.dagbag.DagBag","filename":"dagbag.py","lineno":593}
{"timestamp":"2026-09-02T20:21:06.981634Z","level":"info","event":"Filling up the DagBag from /opt/airflow/dags/11.Xcom2.py","logger":"airflow.models.dagbag.DagBag","filename":"dagbag.py","lineno":593}
{"timestamp":"2026-09-02T20:21:13.278629Z","level":"info","event":"Filling up the DagBag from /opt/airflow/dags/11.Xcom2.py","logger":"airflow.models.dagbag.DagBag","filename":"dagbag.py","lineno":593}
{"timestamp":"2026-09-02T20:21:19.360460Z","level":"info","event":"Filling up the DagBag from /opt/airflow/dags/11.Xcom2.py","logger":"airflow.models.dagbag.DagBag","filename":"dagbag.py","lineno":593}
{"timestamp":"2026-09-02T20:21:26.193099Z","level":"info","event":"Filling up the DagBag from /opt/airflow/dags/11.Xcom2.py","logger":"airflow.models.dagbag.DagBag","filename":"dagbag.py","lineno":593}
{"timestamp":"2026-09-02T20:21:32.192384Z","level":"info","event":"Filling up the DagBag from /opt/airflow/dags/11.Xcom2.py","logger":"airflow.models.dagbag.DagBag","filename":"dagbag.py","lineno":593}
{"timestamp":"2026-09-02T20:21:38.141904Z","level":"info","event":"Filling up the DagBag from /opt/airflow/dags/11.Xcom2.py","logger":"airflow.models.dagbag.DagBag","filename":"dagbag.py","lineno":593}
{"timestamp":"2026-09-02T20:21:43.973753Z","level":"info","event":"Filling up the DagBag from /opt/airflow/dags/11.Xcom2.py","logger":"airflow.models.dagbag.DagBag","filename":"dagbag.py","lineno":593}
{"timestamp":"2026-09-02T20:21:49.831962Z","level":"info","event":"Filling up the DagBag from /opt/airflow/dags/11.Xcom2.py","logger":"airflow.models.dagbag.DagBag","filename":"dagbag.py","lineno":593}
{"timestamp":"2026-09-02T20:21:55.716455Z","level":"info","event":"Filling up the DagBag from /opt/airflow/dags/11.Xcom2.py","logger":"airflow.models.dagbag.DagBag","filename":"dagbag.py","lineno":593}
{"timestamp":"2026-09-02T20:22:01.380914Z","level":"info","event":"Filling up the DagBag from /opt/airflow/dags/11.Xcom2.py","logger":"airflow.models.dagbag.DagBag","filename":"dagbag.py","lineno":593}
{"timestamp":"2026-09-02T20:22:07.620978Z","level":"info","event":"Filling up the DagBag from /opt/airflow/dags/11.Xcom2.py","logger":"airflow.models.dagbag.DagBag","filename":"dagbag.py","lineno":593}
{"timestamp":"2026-09-02T20:22:13.588145Z","level":"info","event":"Filling up the DagBag from /opt/airflow/dags/11.Xcom2.py","logger":"airflow.models.dagbag.DagBag","filename":"dagbag.py","lineno":593}
{"timestamp":"2026-09-02T20:22:19.806732Z","level":"info","event":"Filling up the DagBag from /opt/airflow/dags/11.Xcom2.py","logger":"airflow.models.dagbag.DagBag","filename":"dagbag.py","lineno":593}
{"timestamp":"2026-09-02T20:22:25.542708Z","level":"info","event":"Filling up the DagBag from /opt/airflow/dags/11.Xcom2.py","logger":"airflow.models.dagbag.DagBag","filename":"dagbag.py","lineno":593}
{"timestamp":"2026-09-02T20:22:31.023103Z","level":"info","event":"Filling up the DagBag from /opt/airflow/dags/11.Xcom2.py","logger":"airflow.models.dagbag.DagBag","filename":"dagbag.py","lineno":593}
{"timestamp":"2026-09-02T20:22:36.435267Z","level":"info","event":"Filling up the DagBag from /opt/airflow/dags/11.Xcom2.py","logger":"airflow.models.dagbag.DagBag","filename":"dagbag.py","lineno":593}
{"timestamp":"2026-09-02T20:22:42.608915Z","level":"info","event":"Filling up the DagBag from /opt/airflow/dags/11.Xcom2.py","logger":"airflow.models.dagbag.DagBag","filename":"dagbag.py","lineno":593}
{"timestamp":"2026-09-02T20:22:48.692103Z","level":"info","event":"Filling up the DagBag from /opt/airflow/dags/11.Xcom2.py","logger":"airflow.models.dagbag.DagBag","filename":"dagbag.py","lineno":593}
{"timestamp":"2026-09-02T20:22:54.419744Z","level":"info","event":"Filling up the DagBag from /opt/airflow/dags/11.Xcom2.py","logger":"airflow.models.dagbag.DagBag","filename":"dagbag.py","lineno":593}
{"timestamp":"2026-09-02T20:22:59.986377Z","level":"info","event":"Filling up the DagBag from /opt/airflow/dags/11.Xcom2.py","logger":"airflow.models.dagbag.DagBag","filename":"dagbag.py","lineno":593}
{"timestamp":"2026-09-02T20:23:05.397175Z","level":"info","event":"Filling up the DagBag from /opt/airflow/dags/11.Xcom2.py","logger":"airflow.models.dagbag.DagBag","filename":"dagbag.py","lineno":593}
{"timestamp":"2026-09-02T20:23:11.389644Z","level":"info","event":"Filling up the DagBag from /opt/airflow/dags/11.Xcom2.py","logger":"airflow.models.dagbag.DagBag","filename":"dagbag.py","lineno":593}
{"timestamp":"2026-09-02T20:23:18.480101Z","level":"info","event":"Filling up the DagBag from /opt/airflow/dags/11.Xcom2.py","logger":"airflow.models.dagbag.DagBag","filename":"dagbag.py","lineno":593}
{"timestamp":"2026-09-02T20:23:25.117995Z","level":"info","event":"Filling up the DagBag from /opt/airflow/dags/11.Xcom2.py","logger":"airflow.models.dagbag.DagBag","filename":"dagbag.py","lineno":593}
{"timestamp":"2026-09-02T20:23:32.114175Z","level":"info","event":"Filling up the DagBag from /opt/airflow/dags/11.Xcom2.py","logger":"airflow.models.dagbag.DagBag","filename":"dagbag.py","lineno":593}
{"timestamp":"2026-09-02T20:23:37.979023Z","level":"info","event":"Filling up the DagBag from /opt/airflow/dags/11.Xcom2.py","logger":"airflow.models.dagbag.DagBag","filename":"dagbag.py","lineno":593}
{"timestamp":"2026-09-02T20:23:43.801841Z","level":"info","event":"Filling up the DagBag from /opt/airflow/dags/11.Xcom2.py","logger":"airflow.models.dagbag.DagBag","filename":"dagbag.py","lineno":593}
{"timestamp":"2026-09-02T20:23:49.270251Z","level":"info","event":"Filling up the DagBag from /opt/airflow/dags/11.Xcom2.py","logger":"airflow.models.dagbag.DagBag","filename":"dagbag.py","lineno":593}
{"timestamp":"2026-09-02T20:23:54.975742Z","level":"info","event":"Filling up the DagBag from /opt/airflow/dags/11.Xcom2.py","logger":"airflow.models.dagbag.DagBag","filename":"dagbag.py","lineno":593}
{"timestamp":"2026-09-02T20:24:00.970093Z","level":"info","event":"Filling up the DagBag from /opt/airflow/dags/11.Xcom2.py","logger":"airflow.models.dagbag.DagBag","filename":"dagbag.py","lineno":593}
{"timestamp":"2026-09-02T20:24:06.952014Z","level":"info","event":"Filling up the DagBag from /opt/airflow/dags/11.Xcom2.py","logger":"airflow.models.dagbag.DagBag","filename":"dagbag.py","lineno":593}
{"timestamp":"2026-09-02T20:24:13.133658Z","level":"info","event":"Filling up the DagBag from /opt/airflow/dags/11.Xcom2.py","logger":"airflow.models.dagbag.DagBag","filename":"dagbag.py","lineno":593}
{"timestamp":"2026-09-02T20:24:19.209613Z","level":"info","event":"Filling up the DagBag from /opt/airflow/dags/11.Xcom2.py","logger":"airflow.models.dagbag.DagBag","filename":"dagbag.py","lineno":593}
{"timestamp":"2026-09-02T20:24:24.998958Z","level":"info","event":"Filling up the DagBag from /opt/airflow/dags/11.Xcom2.py","logger":"airflow.models.dagbag.DagBag","filename":"dagbag.py","lineno":593}
{"timestamp":"2026-09-02T20:24:30.918465Z","level":"info","event":"Filling up the DagBag from /opt/airflow/dags/11.Xcom2.py","logger":"airflow.models.dagbag.DagBag","filename":"dagbag.py","lineno":593}
{"timestamp":"2026-09-02T20:24:36.308910Z","level":"info","event":"Filling up the DagBag from /opt/airflow/dags/11.Xcom2.py","logger":"airflow.models.dagbag.DagBag","filename":"dagbag.py","lineno":593}
{"timestamp":"2026-09-02T20:24:41.775995Z","level":"info","event":"Filling up the DagBag from /opt/airflow/dags/11.Xcom2.py","logger":"airflow.models.dagbag.DagBag","filename":"dagbag.py","lineno":593}
{"timestamp":"2026-09-02T20:24:48.668042Z","level":"info","event":"Filling up the DagBag from /opt/airflow/dags/11.Xcom2.py","logger":"airflow.models.dagbag.DagBag","filename":"dagbag.py","lineno":593}
{"timestamp":"2026-09-02T20:24:54.316193Z","level":"info","event":"Filling up the DagBag from /opt/airflow/dags/11.Xcom2.py","logger":"airflow.models.dagbag.DagBag","filename":"dagbag.py","lineno":593}
{"timestamp":"2026-09-02T20:24:59.969657Z","level":"info","event":"Filling up the DagBag from /opt/airflow/dags/11.Xcom2.py","logger":"airflow.models.dagbag.DagBag","filename":"dagbag.py","lineno":593}
{"timestamp":"2026-09-02T20:25:05.748121Z","level":"info","event":"Filling up the DagBag from /opt/airflow/dags/11.Xcom2.py","logger":"airflow.models.dagbag.DagBag","filename":"dagbag.py","lineno":593}
{"timestamp":"2026-09-02T20:25:11.261256Z","level":"info","event":"Filling up the DagBag from /opt/airflow/dags/11.Xcom2.py","logger":"airflow.models.dagbag.DagBag","filename":"dagbag.py","lineno":593}
{"timestamp":"2026-09-02T20:25:17.369390Z","level":"info","event":"Filling up the DagBag from /opt/airflow/dags/11.Xcom2.py","logger":"airflow.models.dagbag.DagBag","filename":"dagbag.py","lineno":593}
{"timestamp":"2026-09-02T20:25:23.042641Z","level":"info","event":"Filling up the DagBag from /opt/airflow/dags/11.Xcom2.py","logger":"airflow.models.dagbag.DagBag","filename":"dagbag.py","lineno":593}
{"timestamp":"2026-09-02T20:25:29.991728Z","level":"info","event":"Filling up the DagBag from /opt/airflow/dags/11.Xcom2.py","logger":"airflow.models.dagbag.DagBag","filename":"dagbag.py","lineno":593}
{"timestamp":"2026-09-02T20:25:36.345883Z","level":"info","event":"Filling up the DagBag from /opt/airflow/dags/11.Xcom2.py","logger":"airflow.models.dagbag.DagBag","filename":"dagbag.py","lineno":593}
{"timestamp":"2026-09-02T20:25:42.600040Z","level":"info","event":"Filling up the DagBag from /opt/airflow/dags/11.Xcom2.py","logger":"airflow.models.dagbag.DagBag","filename":"dagbag.py","lineno":593}
{"timestamp":"2026-09-02T20:25:48.102089Z","level":"info","event":"Filling up the DagBag from /opt/airflow/dags/11.Xcom2.py","logger":"airflow.models.dagbag.DagBag","filename":"dagbag.py","lineno":593}
{"timestamp":"2026-09-02T20:25:53.810461Z","level":"info","event":"Filling up the DagBag from /opt/airflow/dags/11.Xcom2.py","logger":"airflow.models.dagbag.DagBag","filename":"dagbag.py","lineno":593}
{"timestamp":"2026-09-02T20:25:59.415957Z","level":"info","event":"Filling up the DagBag from /opt/airflow/dags/11.Xcom2.py","logger":"airflow.models.dagbag.DagBag","filename":"dagbag.py","lineno":593}
{"timestamp":"2026-09-02T20:26:05.594887Z","level":"info","event":"Filling up the DagBag from /opt/airflow/dags/11.Xcom2.py","logger":"airflow.models.dagbag.DagBag","filename":"dagbag.py","lineno":593}
{"timestamp":"2026-09-02T20:26:12.186795Z","level":"info","event":"Filling up the DagBag from /opt/airflow/dags/11.Xcom2.py","logger":"airflow.models.dagbag.DagBag","filename":"dagbag.py","lineno":593}
{"timestamp":"2026-09-02T20:26:17.988450Z","level":"info","event":"Filling up the DagBag from /opt/airflow/dags/11.Xcom2.py","logger":"airflow.models.dagbag.DagBag","filename":"dagbag.py","lineno":593}
{"timestamp":"2026-09-02T20:26:23.256805Z","level":"info","event":"Filling up the DagBag from /opt/airflow/dags/11.Xcom2.py","logger":"airflow.models.dagbag.DagBag","filename":"dagbag.py","lineno":593}
{"timestamp":"2026-09-02T20:26:29.287528Z","level":"info","event":"Filling up the DagBag from /opt/airflow/dags/11.Xcom2.py","logger":"airflow.models.dagbag.DagBag","filename":"dagbag.py","lineno":593}
{"timestamp":"2026-09-02T20:26:35.149892Z","level":"info","event":"Filling up the DagBag from /opt/airflow/dags/11.Xcom2.py","logger":"airflow.models.dagbag.DagBag","filename":"dagbag.py","lineno":593}
{"timestamp":"2026-09-02T20:26:41.307605Z","level":"info","event":"Filling up the DagBag from /opt/airflow/dags/11.Xcom2.py","logger":"airflow.models.dagbag.DagBag","filename":"dagbag.py","lineno":593}
{"timestamp":"2026-09-02T20:26:48.217272Z","level":"info","event":"Filling up the DagBag from /opt/airflow/dags/11.Xcom2.py","logger":"airflow.models.dagbag.DagBag","filename":"dagbag.py","lineno":593}
{"timestamp":"2026-09-02T20:26:54.370113Z","level":"info","event":"Filling up the DagBag from /opt/airflow/dags/11.Xcom2.py","logger":"airflow.models.dagbag.DagBag","filename":"dagbag.py","lineno":593}
{"timestamp":"2026-09-02T20:27:00.378193Z","level":"info","event":"Filling up the DagBag from /opt/airflow/dags/11.Xcom2.py","logger":"airflow.models.dagbag.DagBag","filename":"dagbag.py","lineno":593}
{"timestamp":"2026-09-02T20:27:06.496945Z","level":"info","event":"Filling up the DagBag from /opt/airflow/dags/11.Xcom2.py","logger":"airflow.models.dagbag.DagBag","filename":"dagbag.py","lineno":593}
{"timestamp":"2026-09-02T20:27:12.541421Z","level":"info","event":"Filling up the DagBag from /opt/airflow/dags/11.Xcom2.py","logger":"airflow.models.dagbag.DagBag","filename":"dagbag.py","lineno":593}
{"timestamp":"2026-09-02T20:27:18.063864Z","level":"info","event":"Filling up the DagBag from /opt/airflow/dags/11.Xcom2.py","logger":"airflow.models.dagbag.DagBag","filename":"dagbag.py","lineno":593}
{"timestamp":"2026-09-02T20:27:23.476079Z","level":"info","event":"Filling up the DagBag from /opt/airflow/dags/11.Xcom2.py","logger":"airflow.models.dagbag.DagBag","filename":"dagbag.py","lineno":593}
{"timestamp":"2026-09-02T20:27:30.166979Z","level":"info","event":"Filling up the DagBag from /opt/airflow/dags/11.Xcom2.py","logger":"airflow.models.dagbag.DagBag","filename":"dagbag.py","lineno":593}
{"timestamp":"2026-09-02T20:27:35.940498Z","level":"info","event":"Filling up the DagBag from /opt/airflow/dags/11.Xcom2.py","logger":"airflow.models.dagbag.DagBag","filename":"dagbag.py","lineno":593}
{"timestamp":"2026-09-02T20:27:41.718239Z","level":"info","event":"Filling up the DagBag from /opt/airflow/dags/11.Xcom2.py","logger":"airflow.models.dagbag.DagBag","filename":"dagbag.py","lineno":593}
{"timestamp":"2026-09-02T20:27:47.458157Z","level":"info","event":"Filling up the DagBag from /opt/airflow/dags/11.Xcom2.py","logger":"airflow.models.dagbag.DagBag","filename":"dagbag.py","lineno":593}
{"timestamp":"2026-09-02T20:27:52.996570Z","level":"info","event":"Filling up the DagBag from /opt/airflow/dags/11.Xcom2.py","logger":"airflow.models.dagbag.DagBag","filename":"dagbag.py","lineno":593}
{"timestamp":"2026-09-02T20:27:59.135356Z","level":"info","event":"Filling up the DagBag from /opt/airflow/dags/11.Xcom2.py","logger":"airflow.models.dagbag.DagBag","filename":"dagbag.py","lineno":593}
{"timestamp":"2026-09-02T20:28:04.730223Z","level":"info","event":"Filling up the DagBag from /opt/airflow/dags/11.Xcom2.py","logger":"airflow.models.dagbag.DagBag","filename":"dagbag.py","lineno":593}
{"timestamp":"2026-09-02T20:28:10.846228Z","level":"info","event":"Filling up the DagBag from /opt/airflow/dags/11.Xcom2.py","logger":"airflow.models.dagbag.DagBag","filename":"dagbag.py","lineno":593}
{"timestamp":"2026-09-02T20:28:16.534385Z","level":"info","event":"Filling up the DagBag from /opt/airflow/dags/11.Xcom2.py","logger":"airflow.models.dagbag.DagBag","filename":"dagbag.py","lineno":593}
{"timestamp":"2026-09-02T20:28:22.585132Z","level":"info","event":"Filling up the DagBag from /opt/airflow/dags/11.Xcom2.py","logger":"airflow.models.dagbag.DagBag","filename":"dagbag.py","lineno":593}
{"timestamp":"2026-09-02T20:28:28.307936Z","level":"info","event":"Filling up the DagBag from /opt/airflow/dags/11.Xcom2.py","logger":"airflow.models.dagbag.DagBag","filename":"dagbag.py","lineno":593}
{"timestamp":"2026-09-02T20:28:33.916779Z","level":"info","event":"Filling up the DagBag from /opt/airflow/dags/11.Xcom2.py","logger":"airflow.models.dagbag.DagBag","filename":"dagbag.py","lineno":593}
{"timestamp":"2026-09-02T20:28:40.326812Z","level":"info","event":"Filling up the DagBag from /opt/airflow/dags/11.Xcom2.py","logger":"airflow.models.dagbag.DagBag","filename":"dagbag.py","lineno":593}
{"timestamp":"2026-09-02T20:28:46.628230Z","level":"info","event":"Filling up the DagBag from /opt/airflow/dags/11.Xcom2.py","logger":"airflow.models.dagbag.DagBag","filename":"dagbag.py","lineno":593}
{"timestamp":"2026-09-02T20:28:52.789964Z","level":"info","event":"Filling up the DagBag from /opt/airflow/dags/11.Xcom2.py","logger":"airflow.models.dagbag.DagBag","filename":"dagbag.py","lineno":593}
{"timestamp":"2026-09-02T20:28:58.427984Z","level":"info","event":"Filling up the DagBag from /opt/airflow/dags/11.Xcom2.py","logger":"airflow.models.dagbag.DagBag","filename":"dagbag.py","lineno":593}
{"timestamp":"2026-09-02T20:29:04.324162Z","level":"info","event":"Filling up the DagBag from /opt/airflow/dags/11.Xcom2.py","logger":"airflow.models.dagbag.DagBag","filename":"dagbag.py","lineno":593}
{"timestamp":"2026-09-02T20:29:10.575544Z","level":"info","event":"Filling up the DagBag from /opt/airflow/dags/11.Xcom2.py","logger":"airflow.models.dagbag.DagBag","filename":"dagbag.py","lineno":593}
{"timestamp":"2026-09-02T20:29:16.640865Z","level":"info","event":"Filling up the DagBag from /opt/airflow/dags/11.Xcom2.py","logger":"airflow.models.dagbag.DagBag","filename":"dagbag.py","lineno":593}
{"timestamp":"2026-09-02T20:29:23.446912Z","level":"info","event":"Filling up the DagBag from /opt/airflow/dags/11.Xcom2.py","logger":"airflow.models.dagbag.DagBag","filename":"dagbag.py","lineno":593}
{"timestamp":"2026-09-02T20:29:30.898702Z","level":"info","event":"Filling up the DagBag from /opt/airflow/dags/11.Xcom2.py","logger":"airflow.models.dagbag.DagBag","filename":"dagbag.py","lineno":593}
{"timestamp":"2026-09-02T20:29:37.060256Z","level":"info","event":"Filling up the DagBag from /opt/airflow/dags/11.Xcom2.py","logger":"airflow.models.dagbag.DagBag","filename":"dagbag.py","lineno":593}
{"timestamp":"2026-09-02T20:29:43.585444Z","level":"info","event":"Filling up the DagBag from /opt/airflow/dags/11.Xcom2.py","logger":"airflow.models.dagbag.DagBag","filename":"dagbag.py","lineno":593}
{"timestamp":"2026-09-02T20:29:49.189003Z","level":"info","event":"Filling up the DagBag from /opt/airflow/dags/11.Xcom2.py","logger":"airflow.models.dagbag.DagBag","filename":"dagbag.py","lineno":593}
{"timestamp":"2026-09-02T20:29:54.945454Z","level":"info","event":"Filling up the DagBag from /opt/airflow/dags/11.Xcom2.py","logger":"airflow.models.dagbag.DagBag","filename":"dagbag.py","lineno":593}
{"timestamp":"2026-09-02T20:30:01.266743Z","level":"info","event":"Filling up the DagBag from /opt/airflow/dags/11.Xcom2.py","logger":"airflow.models.dagbag.DagBag","filename":"dagbag.py","lineno":593}
{"timestamp":"2026-09-02T20:30:07.672357Z","level":"info","event":"Filling up the DagBag from /opt/airflow/dags/11.Xcom2.py","logger":"airflow.models.dagbag.DagBag","filename":"dagbag.py","lineno":593}
{"timestamp":"2026-09-02T20:30:14.272304Z","level":"info","event":"Filling up the DagBag from /opt/airflow/dags/11.Xcom2.py","logger":"airflow.models.dagbag.DagBag","filename":"dagbag.py","lineno":593}
{"timestamp":"2026-09-02T20:30:20.459268Z","level":"info","event":"Filling up the DagBag from /opt/airflow/dags/11.Xcom2.py","logger":"airflow.models.dagbag.DagBag","filename":"dagbag.py","lineno":593}
{"timestamp":"2026-09-02T20:30:26.448348Z","level":"info","event":"Filling up the DagBag from /opt/airflow/dags/11.Xcom2.py","logger":"airflow.models.dagbag.DagBag","filename":"dagbag.py","lineno":593}
{"timestamp":"2026-09-02T20:30:32.012110Z","level":"info","event":"Filling up the DagBag from /opt/airflow/dags/11.Xcom2.py","logger":"airflow.models.dagbag.DagBag","filename":"dagbag.py","lineno":593}
{"timestamp":"2026-09-02T20:30:38.100603Z","level":"info","event":"Filling up the DagBag from /opt/airflow/dags/11.Xcom2.py","logger":"airflow.models.dagbag.DagBag","filename":"dagbag.py","lineno":593}
{"timestamp":"2026-09-02T20:30:43.976740Z","level":"info","event":"Filling up the DagBag from /opt/airflow/dags/11.Xcom2.py","logger":"airflow.models.dagbag.DagBag","filename":"dagbag.py","lineno":593}
{"timestamp":"2026-09-02T20:30:51.075173Z","level":"info","event":"Filling up the DagBag from /opt/airflow/dags/11.Xcom2.py","logger":"airflow.models.dagbag.DagBag","filename":"dagbag.py","lineno":593}
{"timestamp":"2026-09-02T20:30:57.314752Z","level":"info","event":"Filling up the DagBag from /opt/airflow/dags/11.Xcom2.py","logger":"airflow.models.dagbag.DagBag","filename":"dagbag.py","lineno":593}
{"timestamp":"2026-09-02T20:31:03.460454Z","level":"info","event":"Filling up the DagBag from /opt/airflow/dags/11.Xcom2.py","logger":"airflow.models.dagbag.DagBag","filename":"dagbag.py","lineno":593}
{"timestamp":"2026-09-02T20:31:09.113885Z","level":"info","event":"Filling up the DagBag from /opt/airflow/dags/11.Xcom2.py","logger":"airflow.models.dagbag.DagBag","filename":"dagbag.py","lineno":593}
{"timestamp":"2026-09-02T20:31:15.008809Z","level":"info","event":"Filling up the DagBag from /opt/airflow/dags/11.Xcom2.py","logger":"airflow.models.dagbag.DagBag","filename":"dagbag.py","lineno":593}
{"timestamp":"2026-09-02T20:31:20.789986Z","level":"info","event":"Filling up the DagBag from /opt/airflow/dags/11.Xcom2.py","logger":"airflow.models.dagbag.DagBag","filename":"dagbag.py","lineno":593}
{"timestamp":"2026-09-02T20:31:27.303739Z","level":"info","event":"Filling up the DagBag from /opt/airflow/dags/11.Xcom2.py","logger":"airflow.models.dagbag.DagBag","filename":"dagbag.py","lineno":593}
{"timestamp":"2026-09-02T20:31:33.558487Z","level":"info","event":"Filling up the DagBag from /opt/airflow/dags/11.Xcom2.py","logger":"airflow.models.dagbag.DagBag","filename":"dagbag.py","lineno":593}
{"timestamp":"2026-09-02T20:31:39.654208Z","level":"info","event":"Filling up the DagBag from /opt/airflow/dags/11.Xcom2.py","logger":"airflow.models.dagbag.DagBag","filename":"dagbag.py","lineno":593}
{"timestamp":"2026-09-02T20:31:45.881007Z","level":"info","event":"Filling up the DagBag from /opt/airflow/dags/11.Xcom2.py","logger":"airflow.models.dagbag.DagBag","filename":"dagbag.py","lineno":593}
{"timestamp":"2026-09-02T20:31:51.702714Z","level":"info","event":"Filling up the DagBag from /opt/airflow/dags/11.Xcom2.py","logger":"airflow.models.dagbag.DagBag","filename":"dagbag.py","lineno":593}
{"timestamp":"2026-09-02T20:31:57.169754Z","level":"info","event":"Filling up the DagBag from /opt/airflow/dags/11.Xcom2.py","logger":"airflow.models.dagbag.DagBag","filename":"dagbag.py","lineno":593}
{"timestamp":"2026-09-02T20:32:03.421666Z","level":"info","event":"Filling up the DagBag from /opt/airflow/dags/11.Xcom2.py","logger":"airflow.models.dagbag.DagBag","filename":"dagbag.py","lineno":593}
{"timestamp":"2026-09-02T20:32:10.177363Z","level":"info","event":"Filling up the DagBag from /opt/airflow/dags/11.Xcom2.py","logger":"airflow.models.dagbag.DagBag","filename":"dagbag.py","lineno":593}
{"timestamp":"2026-09-02T20:32:15.922944Z","level":"info","event":"Filling up the DagBag from /opt/airflow/dags/11.Xcom2.py","logger":"airflow.models.dagbag.DagBag","filename":"dagbag.py","lineno":593}
{"timestamp":"2026-09-02T20:32:22.775407Z","level":"info","event":"Filling up the DagBag from /opt/airflow/dags/11.Xcom2.py","logger":"airflow.models.dagbag.DagBag","filename":"dagbag.py","lineno":593}
{"timestamp":"2026-09-02T20:32:28.563675Z","level":"info","event":"Filling up the DagBag from /opt/airflow/dags/11.Xcom2.py","logger":"airflow.models.dagbag.DagBag","filename":"dagbag.py","lineno":593}
{"timestamp":"2026-09-02T20:32:34.298823Z","level":"info","event":"Filling up the DagBag from /opt/airflow/dags/11.Xcom2.py","logger":"airflow.models.dagbag.DagBag","filename":"dagbag.py","lineno":593}
{"timestamp":"2026-09-02T20:32:39.927756Z","level":"info","event":"Filling up the DagBag from /opt/airflow/dags/11.Xcom2.py","logger":"airflow.models.dagbag.DagBag","filename":"dagbag.py","lineno":593}
{"timestamp":"2026-09-02T20:32:46.149694Z","level":"info","event":"Filling up the DagBag from /opt/airflow/dags/11.Xcom2.py","logger":"airflow.models.dagbag.DagBag","filename":"dagbag.py","lineno":593}
{"timestamp":"2026-09-02T20:32:52.570013Z","level":"info","event":"Filling up the DagBag from /opt/airflow/dags/11.Xcom2.py","logger":"airflow.models.dagbag.DagBag","filename":"dagbag.py","lineno":593}
{"timestamp":"2026-09-02T20:32:58.380154Z","level":"info","event":"Filling up the DagBag from /opt/airflow/dags/11.Xcom2.py","logger":"airflow.models.dagbag.DagBag","filename":"dagbag.py","lineno":593}
{"timestamp":"2026-09-02T20:33:03.919747Z","level":"info","event":"Filling up the DagBag from /opt/airflow/dags/11.Xcom2.py","logger":"airflow.models.dagbag.DagBag","filename":"dagbag.py","lineno":593}
{"timestamp":"2026-09-02T20:33:09.612170Z","level":"info","event":"Filling up the DagBag from /opt/airflow/dags/11.Xcom2.py","logger":"airflow.models.dagbag.DagBag","filename":"dagbag.py","lineno":593}
{"timestamp":"2026-09-02T20:33:15.501443Z","level":"info","event":"Filling up the DagBag from /opt/airflow/dags/11.Xcom2.py","logger":"airflow.models.dagbag.DagBag","filename":"dagbag.py","lineno":593}
{"timestamp":"2026-09-02T20:33:22.183276Z","level":"info","event":"Filling up the DagBag from /opt/airflow/dags/11.Xcom2.py","logger":"airflow.models.dagbag.DagBag","filename":"dagbag.py","lineno":593}
{"timestamp":"2026-09-02T20:33:30.062484Z","level":"info","event":"Filling up the DagBag from /opt/airflow/dags/11.Xcom2.py","logger":"airflow.models.dagbag.DagBag","filename":"dagbag.py","lineno":593}
{"timestamp":"2026-09-02T20:33:36.946534Z","level":"info","event":"Filling up the DagBag from /opt/airflow/dags/11.Xcom2.py","logger":"airflow.models.dagbag.DagBag","filename":"dagbag.py","lineno":593}
{"timestamp":"2026-09-02T20:33:42.657501Z","level":"info","event":"Filling up the DagBag from /opt/airflow/dags/11.Xcom2.py","logger":"airflow.models.dagbag.DagBag","filename":"dagbag.py","lineno":593}
{"timestamp":"2026-09-02T20:33:48.454607Z","level":"info","event":"Filling up the DagBag from /opt/airflow/dags/11.Xcom2.py","logger":"airflow.models.dagbag.DagBag","filename":"dagbag.py","lineno":593}
{"timestamp":"2026-09-02T20:33:53.848225Z","level":"info","event":"Filling up the DagBag from /opt/airflow/dags/11.Xcom2.py","logger":"airflow.models.dagbag.DagBag","filename":"dagbag.py","lineno":593}
{"timestamp":"2026-09-02T20:34:01.164355Z","level":"info","event":"Filling up the DagBag from /opt/airflow/dags/11.Xcom2.py","logger":"airflow.models.dagbag.DagBag","filename":"dagbag.py","lineno":593}
{"timestamp":"2026-09-02T20:34:08.803062Z","level":"info","event":"Filling up the DagBag from /opt/airflow/dags/11.Xcom2.py","logger":"airflow.models.dagbag.DagBag","filename":"dagbag.py","lineno":593}
{"timestamp":"2026-09-02T20:34:15.644779Z","level":"info","event":"Filling up the DagBag from /opt/airflow/dags/11.Xcom2.py","logger":"airflow.models.dagbag.DagBag","filename":"dagbag.py","lineno":593}
{"timestamp":"2026-09-02T20:34:24.551611Z","level":"info","event":"Filling up the DagBag from /opt/airflow/dags/11.Xcom2.py","logger":"airflow.models.dagbag.DagBag","filename":"dagbag.py","lineno":593}
{"timestamp":"2026-09-02T20:34:31.335926Z","level":"info","event":"Filling up the DagBag from /opt/airflow/dags/11.Xcom2.py","logger":"airflow.models.dagbag.DagBag","filename":"dagbag.py","lineno":593}
{"timestamp":"2026-09-02T20:34:37.094107Z","level":"info","event":"Filling up the DagBag from /opt/airflow/dags/11.Xcom2.py","logger":"airflow.models.dagbag.DagBag","filename":"dagbag.py","lineno":593}
{"timestamp":"2026-09-02T20:34:43.173155Z","level":"info","event":"Filling up the DagBag from /opt/airflow/dags/11.Xcom2.py","logger":"airflow.models.dagbag.DagBag","filename":"dagbag.py","lineno":593}
{"timestamp":"2026-09-02T20:34:49.686402Z","level":"info","event":"Filling up the DagBag from /opt/airflow/dags/11.Xcom2.py","logger":"airflow.models.dagbag.DagBag","filename":"dagbag.py","lineno":593}
{"timestamp":"2026-09-02T20:34:56.112501Z","level":"info","event":"Filling up the DagBag from /opt/airflow/dags/11.Xcom2.py","logger":"airflow.models.dagbag.DagBag","filename":"dagbag.py","lineno":593}
{"timestamp":"2026-09-02T20:35:02.123081Z","level":"info","event":"Filling up the DagBag from /opt/airflow/dags/11.Xcom2.py","logger":"airflow.models.dagbag.DagBag","filename":"dagbag.py","lineno":593}
{"timestamp":"2026-09-02T20:35:07.937429Z","level":"info","event":"Filling up the DagBag from /opt/airflow/dags/11.Xcom2.py","logger":"airflow.models.dagbag.DagBag","filename":"dagbag.py","lineno":593}
{"timestamp":"2026-09-02T20:35:13.606468Z","level":"info","event":"Filling up the DagBag from /opt/airflow/dags/11.Xcom2.py","logger":"airflow.models.dagbag.DagBag","filename":"dagbag.py","lineno":593}
{"timestamp":"2026-09-02T20:35:19.336352Z","level":"info","event":"Filling up the DagBag from /opt/airflow/dags/11.Xcom2.py","logger":"airflow.models.dagbag.DagBag","filename":"dagbag.py","lineno":593}
{"timestamp":"2026-09-02T20:35:25.403964Z","level":"info","event":"Filling up the DagBag from /opt/airflow/dags/11.Xcom2.py","logger":"airflow.models.dagbag.DagBag","filename":"dagbag.py","lineno":593}
{"timestamp":"2026-09-02T20:35:31.808173Z","level":"info","event":"Filling up the DagBag from /opt/airflow/dags/11.Xcom2.py","logger":"airflow.models.dagbag.DagBag","filename":"dagbag.py","lineno":593}
{"timestamp":"2026-09-02T20:35:37.883708Z","level":"info","event":"Filling up the DagBag from /opt/airflow/dags/11.Xcom2.py","logger":"airflow.models.dagbag.DagBag","filename":"dagbag.py","lineno":593}
{"timestamp":"2026-09-02T20:35:43.259219Z","level":"info","event":"Filling up the DagBag from /opt/airflow/dags/11.Xcom2.py","logger":"airflow.models.dagbag.DagBag","filename":"dagbag.py","lineno":593}
{"timestamp":"2026-09-02T20:35:49.247286Z","level":"info","event":"Filling up the DagBag from /opt/airflow/dags/11.Xcom2.py","logger":"airflow.models.dagbag.DagBag","filename":"dagbag.py","lineno":593}
{"timestamp":"2026-09-02T20:35:55.270510Z","level":"info","event":"Filling up the DagBag from /opt/airflow/dags/11.Xcom2.py","logger":"airflow.models.dagbag.DagBag","filename":"dagbag.py","lineno":593}
{"timestamp":"2026-09-02T20:36:01.278081Z","level":"info","event":"Filling up the DagBag from /opt/airflow/dags/11.Xcom2.py","logger":"airflow.models.dagbag.DagBag","filename":"dagbag.py","lineno":593}
{"timestamp":"2026-09-02T20:36:07.071632Z","level":"info","event":"Filling up the DagBag from /opt/airflow/dags/11.Xcom2.py","logger":"airflow.models.dagbag.DagBag","filename":"dagbag.py","lineno":593}
{"timestamp":"2026-09-02T20:36:14.069320Z","level":"info","event":"Filling up the DagBag from /opt/airflow/dags/11.Xcom2.py","logger":"airflow.models.dagbag.DagBag","filename":"dagbag.py","lineno":593}
{"timestamp":"2026-09-02T20:36:20.195467Z","level":"info","event":"Filling up the DagBag from /opt/airflow/dags/11.Xcom2.py","logger":"airflow.models.dagbag.DagBag","filename":"dagbag.py","lineno":593}
{"timestamp":"2026-09-02T20:36:26.124922Z","level":"info","event":"Filling up the DagBag from /opt/airflow/dags/11.Xcom2.py","logger":"airflow.models.dagbag.DagBag","filename":"dagbag.py","lineno":593}
{"timestamp":"2026-09-02T20:36:32.724248Z","level":"info","event":"Filling up the DagBag from /opt/airflow/dags/11.Xcom2.py","logger":"airflow.models.dagbag.DagBag","filename":"dagbag.py","lineno":593}
{"timestamp":"2026-09-02T20:36:38.242675Z","level":"info","event":"Filling up the DagBag from /opt/airflow/dags/11.Xcom2.py","logger":"airflow.models.dagbag.DagBag","filename":"dagbag.py","lineno":593}
{"timestamp":"2026-09-02T20:36:44.263021Z","level":"info","event":"Filling up the DagBag from /opt/airflow/dags/11.Xcom2.py","logger":"airflow.models.dagbag.DagBag","filename":"dagbag.py","lineno":593}
{"timestamp":"2026-09-02T20:36:51.132130Z","level":"info","event":"Filling up the DagBag from /opt/airflow/dags/11.Xcom2.py","logger":"airflow.models.dagbag.DagBag","filename":"dagbag.py","lineno":593}
{"timestamp":"2026-09-02T20:36:57.982311Z","level":"info","event":"Filling up the DagBag from /opt/airflow/dags/11.Xcom2.py","logger":"airflow.models.dagbag.DagBag","filename":"dagbag.py","lineno":593}
{"timestamp":"2026-09-02T20:37:04.374805Z","level":"info","event":"Filling up the DagBag from /opt/airflow/dags/11.Xcom2.py","logger":"airflow.models.dagbag.DagBag","filename":"dagbag.py","lineno":593}
{"timestamp":"2026-09-02T20:37:10.448722Z","level":"info","event":"Filling up the DagBag from /opt/airflow/dags/11.Xcom2.py","logger":"airflow.models.dagbag.DagBag","filename":"dagbag.py","lineno":593}
{"timestamp":"2026-09-02T20:37:16.475320Z","level":"info","event":"Filling up the DagBag from /opt/airflow/dags/11.Xcom2.py","logger":"airflow.models.dagbag.DagBag","filename":"dagbag.py","lineno":593}
{"timestamp":"2026-09-02T20:37:22.318200Z","level":"info","event":"Filling up the DagBag from /opt/airflow/dags/11.Xcom2.py","logger":"airflow.models.dagbag.DagBag","filename":"dagbag.py","lineno":593}
{"timestamp":"2026-09-02T20:37:28.403858Z","level":"info","event":"Filling up the DagBag from /opt/airflow/dags/11.Xcom2.py","logger":"airflow.models.dagbag.DagBag","filename":"dagbag.py","lineno":593}
{"timestamp":"2026-09-02T20:37:35.253319Z","level":"info","event":"Filling up the DagBag from /opt/airflow/dags/11.Xcom2.py","logger":"airflow.models.dagbag.DagBag","filename":"dagbag.py","lineno":593}
{"timestamp":"2026-09-02T20:37:41.562709Z","level":"info","event":"Filling up the DagBag from /opt/airflow/dags/11.Xcom2.py","logger":"airflow.models.dagbag.DagBag","filename":"dagbag.py","lineno":593}
{"timestamp":"2026-09-02T20:37:47.494948Z","level":"info","event":"Filling up the DagBag from /opt/airflow/dags/11.Xcom2.py","logger":"airflow.models.dagbag.DagBag","filename":"dagbag.py","lineno":593}
{"timestamp":"2026-09-02T20:37:54.085761Z","level":"info","event":"Filling up the DagBag from /opt/airflow/dags/11.Xcom2.py","logger":"airflow.models.dagbag.DagBag","filename":"dagbag.py","lineno":593}
{"timestamp":"2026-09-02T20:38:00.134450Z","level":"info","event":"Filling up the DagBag from /opt/airflow/dags/11.Xcom2.py","logger":"airflow.models.dagbag.DagBag","filename":"dagbag.py","lineno":593}
{"timestamp":"2026-09-02T20:38:05.850921Z","level":"info","event":"Filling up the DagBag from /opt/airflow/dags/11.Xcom2.py","logger":"airflow.models.dagbag.DagBag","filename":"dagbag.py","lineno":593}
{"timestamp":"2026-09-02T20:38:12.598364Z","level":"info","event":"Filling up the DagBag from /opt/airflow/dags/11.Xcom2.py","logger":"airflow.models.dagbag.DagBag","filename":"dagbag.py","lineno":593}
{"timestamp":"2026-09-02T20:38:19.489135Z","level":"info","event":"Filling up the DagBag from /opt/airflow/dags/11.Xcom2.py","logger":"airflow.models.dagbag.DagBag","filename":"dagbag.py","lineno":593}
{"timestamp":"2026-09-02T20:38:24.970887Z","level":"info","event":"Filling up the DagBag from /opt/airflow/dags/11.Xcom2.py","logger":"airflow.models.dagbag.DagBag","filename":"dagbag.py","lineno":593}
{"timestamp":"2026-09-02T20:38:30.535791Z","level":"info","event":"Filling up the DagBag from /opt/airflow/dags/11.Xcom2.py","logger":"airflow.models.dagbag.DagBag","filename":"dagbag.py","lineno":593}
{"timestamp":"2026-09-02T20:38:37.243266Z","level":"info","event":"Filling up the DagBag from /opt/airflow/dags/11.Xcom2.py","logger":"airflow.models.dagbag.DagBag","filename":"dagbag.py","lineno":593}
{"timestamp":"2026-09-02T20:38:42.882418Z","level":"info","event":"Filling up the DagBag from /opt/airflow/dags/11.Xcom2.py","logger":"airflow.models.dagbag.DagBag","filename":"dagbag.py","lineno":593}
{"timestamp":"2026-09-02T20:38:48.472754Z","level":"info","event":"Filling up the DagBag from /opt/airflow/dags/11.Xcom2.py","logger":"airflow.models.dagbag.DagBag","filename":"dagbag.py","lineno":593}
{"timestamp":"2026-09-02T20:38:56.464756Z","level":"info","event":"Filling up the DagBag from /opt/airflow/dags/11.Xcom2.py","logger":"airflow.models.dagbag.DagBag","filename":"dagbag.py","lineno":593}
{"timestamp":"2026-09-02T20:39:03.553050Z","level":"info","event":"Filling up the DagBag from /opt/airflow/dags/11.Xcom2.py","logger":"airflow.models.dagbag.DagBag","filename":"dagbag.py","lineno":593}
{"timestamp":"2026-09-02T20:39:09.367453Z","level":"info","event":"Filling up the DagBag from /opt/airflow/dags/11.Xcom2.py","logger":"airflow.models.dagbag.DagBag","filename":"dagbag.py","lineno":593}
{"timestamp":"2026-09-02T20:39:15.395359Z","level":"info","event":"Filling up the DagBag from /opt/airflow/dags/11.Xcom2.py","logger":"airflow.models.dagbag.DagBag","filename":"dagbag.py","lineno":593}
{"timestamp":"2026-09-02T20:39:20.973421Z","level":"info","event":"Filling up the DagBag from /opt/airflow/dags/11.Xcom2.py","logger":"airflow.models.dagbag.DagBag","filename":"dagbag.py","lineno":593}
{"timestamp":"2026-09-02T20:39:27.446823Z","level":"info","event":"Filling up the DagBag from /opt/airflow/dags/11.Xcom2.py","logger":"airflow.models.dagbag.DagBag","filename":"dagbag.py","lineno":593}
{"timestamp":"2026-09-02T20:39:34.031314Z","level":"info","event":"Filling up the DagBag from /opt/airflow/dags/11.Xcom2.py","logger":"airflow.models.dagbag.DagBag","filename":"dagbag.py","lineno":593}
{"timestamp":"2026-09-02T20:39:42.346577Z","level":"info","event":"Filling up the DagBag from /opt/airflow/dags/11.Xcom2.py","logger":"airflow.models.dagbag.DagBag","filename":"dagbag.py","lineno":593}
{"timestamp":"2026-09-02T20:39:48.120836Z","level":"info","event":"Filling up the DagBag from /opt/airflow/dags/11.Xcom2.py","logger":"airflow.models.dagbag.DagBag","filename":"dagbag.py","lineno":593}
{"timestamp":"2026-09-02T20:39:54.212355Z","level":"info","event":"Filling up the DagBag from /opt/airflow/dags/11.Xcom2.py","logger":"airflow.models.dagbag.DagBag","filename":"dagbag.py","lineno":593}
{"timestamp":"2026-09-02T20:40:00.307911Z","level":"info","event":"Filling up the DagBag from /opt/airflow/dags/11.Xcom2.py","logger":"airflow.models.dagbag.DagBag","filename":"dagbag.py","lineno":593}
{"timestamp":"2026-09-02T20:40:06.064856Z","level":"info","event":"Filling up the DagBag from /opt/airflow/dags/11.Xcom2.py","logger":"airflow.models.dagbag.DagBag","filename":"dagbag.py","lineno":593}
{"timestamp":"2026-09-02T20:40:12.806870Z","level":"info","event":"Filling up the DagBag from /opt/airflow/dags/11.Xcom2.py","logger":"airflow.models.dagbag.DagBag","filename":"dagbag.py","lineno":593}
{"timestamp":"2026-09-02T20:40:18.887677Z","level":"info","event":"Filling up the DagBag from /opt/airflow/dags/11.Xcom2.py","logger":"airflow.models.dagbag.DagBag","filename":"dagbag.py","lineno":593}
{"timestamp":"2026-09-02T20:40:25.482193Z","level":"info","event":"Filling up the DagBag from /opt/airflow/dags/11.Xcom2.py","logger":"airflow.models.dagbag.DagBag","filename":"dagbag.py","lineno":593}
{"timestamp":"2026-09-02T20:40:30.953378Z","level":"info","event":"Filling up the DagBag from /opt/airflow/dags/11.Xcom2.py","logger":"airflow.models.dagbag.DagBag","filename":"dagbag.py","lineno":593}
{"timestamp":"2026-09-02T20:40:36.520053Z","level":"info","event":"Filling up the DagBag from /opt/airflow/dags/11.Xcom2.py","logger":"airflow.models.dagbag.DagBag","filename":"dagbag.py","lineno":593}
{"timestamp":"2026-09-02T20:40:42.945264Z","level":"info","event":"Filling up the DagBag from /opt/airflow/dags/11.Xcom2.py","logger":"airflow.models.dagbag.DagBag","filename":"dagbag.py","lineno":593}
{"timestamp":"2026-09-02T20:40:49.022566Z","level":"info","event":"Filling up the DagBag from /opt/airflow/dags/11.Xcom2.py","logger":"airflow.models.dagbag.DagBag","filename":"dagbag.py","lineno":593}
{"timestamp":"2026-09-02T20:40:55.529371Z","level":"info","event":"Filling up the DagBag from /opt/airflow/dags/11.Xcom2.py","logger":"airflow.models.dagbag.DagBag","filename":"dagbag.py","lineno":593}
{"timestamp":"2026-09-02T20:41:01.761662Z","level":"info","event":"Filling up the DagBag from /opt/airflow/dags/11.Xcom2.py","logger":"airflow.models.dagbag.DagBag","filename":"dagbag.py","lineno":593}
{"timestamp":"2026-09-02T20:41:07.767346Z","level":"info","event":"Filling up the DagBag from /opt/airflow/dags/11.Xcom2.py","logger":"airflow.models.dagbag.DagBag","filename":"dagbag.py","lineno":593}
{"timestamp":"2026-09-02T20:41:13.560193Z","level":"info","event":"Filling up the DagBag from /opt/airflow/dags/11.Xcom2.py","logger":"airflow.models.dagbag.DagBag","filename":"dagbag.py","lineno":593}
{"timestamp":"2026-09-02T20:41:19.355507Z","level":"info","event":"Filling up the DagBag from /opt/airflow/dags/11.Xcom2.py","logger":"airflow.models.dagbag.DagBag","filename":"dagbag.py","lineno":593}
{"timestamp":"2026-09-02T20:41:25.618176Z","level":"info","event":"Filling up the DagBag from /opt/airflow/dags/11.Xcom2.py","logger":"airflow.models.dagbag.DagBag","filename":"dagbag.py","lineno":593}
{"timestamp":"2026-09-02T20:41:32.626050Z","level":"info","event":"Filling up the DagBag from /opt/airflow/dags/11.Xcom2.py","logger":"airflow.models.dagbag.DagBag","filename":"dagbag.py","lineno":593}
{"timestamp":"2026-09-02T20:41:39.233595Z","level":"info","event":"Filling up the DagBag from /opt/airflow/dags/11.Xcom2.py","logger":"airflow.models.dagbag.DagBag","filename":"dagbag.py","lineno":593}
{"timestamp":"2026-09-02T20:41:45.488817Z","level":"info","event":"Filling up the DagBag from /opt/airflow/dags/11.Xcom2.py","logger":"airflow.models.dagbag.DagBag","filename":"dagbag.py","lineno":593}
{"timestamp":"2026-09-02T20:41:51.490018Z","level":"info","event":"Filling up the DagBag from /opt/airflow/dags/11.Xcom2.py","logger":"airflow.models.dagbag.DagBag","filename":"dagbag.py","lineno":593}
{"timestamp":"2026-09-02T20:41:57.046875Z","level":"info","event":"Filling up the DagBag from /opt/airflow/dags/11.Xcom2.py","logger":"airflow.models.dagbag.DagBag","filename":"dagbag.py","lineno":593}
{"timestamp":"2026-09-02T20:42:02.968611Z","level":"info","event":"Filling up the DagBag from /opt/airflow/dags/11.Xcom2.py","logger":"airflow.models.dagbag.DagBag","filename":"dagbag.py","lineno":593}
{"timestamp":"2026-09-02T20:42:08.804215Z","level":"info","event":"Filling up the DagBag from /opt/airflow/dags/11.Xcom2.py","logger":"airflow.models.dagbag.DagBag","filename":"dagbag.py","lineno":593}
{"timestamp":"2026-09-02T20:42:17.048408Z","level":"info","event":"Filling up the DagBag from /opt/airflow/dags/11.Xcom2.py","logger":"airflow.models.dagbag.DagBag","filename":"dagbag.py","lineno":593}
{"timestamp":"2026-09-02T20:42:24.196088Z","level":"info","event":"Filling up the DagBag from /opt/airflow/dags/11.Xcom2.py","logger":"airflow.models.dagbag.DagBag","filename":"dagbag.py","lineno":593}
{"timestamp":"2026-09-02T20:42:30.015217Z","level":"info","event":"Filling up the DagBag from /opt/airflow/dags/11.Xcom2.py","logger":"airflow.models.dagbag.DagBag","filename":"dagbag.py","lineno":593}
{"timestamp":"2026-09-02T20:42:35.850236Z","level":"info","event":"Filling up the DagBag from /opt/airflow/dags/11.Xcom2.py","logger":"airflow.models.dagbag.DagBag","filename":"dagbag.py","lineno":593}
{"timestamp":"2026-09-02T20:42:41.563570Z","level":"info","event":"Filling up the DagBag from /opt/airflow/dags/11.Xcom2.py","logger":"airflow.models.dagbag.DagBag","filename":"dagbag.py","lineno":593}
{"timestamp":"2026-09-02T20:42:46.903244Z","level":"info","event":"Filling up the DagBag from /opt/airflow/dags/11.Xcom2.py","logger":"airflow.models.dagbag.DagBag","filename":"dagbag.py","lineno":593}
{"timestamp":"2026-09-02T20:42:53.708599Z","level":"info","event":"Filling up the DagBag from /opt/airflow/dags/11.Xcom2.py","logger":"airflow.models.dagbag.DagBag","filename":"dagbag.py","lineno":593}
{"timestamp":"2026-09-02T20:43:00.213466Z","level":"info","event":"Filling up the DagBag from /opt/airflow/dags/11.Xcom2.py","logger":"airflow.models.dagbag.DagBag","filename":"dagbag.py","lineno":593}
{"timestamp":"2026-09-02T20:43:06.248812Z","level":"info","event":"Filling up the DagBag from /opt/airflow/dags/11.Xcom2.py","logger":"airflow.models.dagbag.DagBag","filename":"dagbag.py","lineno":593}
{"timestamp":"2026-09-02T20:43:11.856634Z","level":"info","event":"Filling up the DagBag from /opt/airflow/dags/11.Xcom2.py","logger":"airflow.models.dagbag.DagBag","filename":"dagbag.py","lineno":593}
{"timestamp":"2026-09-02T20:43:17.332552Z","level":"info","event":"Filling up the DagBag from /opt/airflow/dags/11.Xcom2.py","logger":"airflow.models.dagbag.DagBag","filename":"dagbag.py","lineno":593}
{"timestamp":"2026-09-02T20:43:22.865679Z","level":"info","event":"Filling up the DagBag from /opt/airflow/dags/11.Xcom2.py","logger":"airflow.models.dagbag.DagBag","filename":"dagbag.py","lineno":593}
{"timestamp":"2026-09-02T20:43:28.923064Z","level":"info","event":"Filling up the DagBag from /opt/airflow/dags/11.Xcom2.py","logger":"airflow.models.dagbag.DagBag","filename":"dagbag.py","lineno":593}
{"timestamp":"2026-09-02T20:43:35.716503Z","level":"info","event":"Filling up the DagBag from /opt/airflow/dags/11.Xcom2.py","logger":"airflow.models.dagbag.DagBag","filename":"dagbag.py","lineno":593}
{"timestamp":"2026-09-02T20:43:41.912485Z","level":"info","event":"Filling up the DagBag from /opt/airflow/dags/11.Xcom2.py","logger":"airflow.models.dagbag.DagBag","filename":"dagbag.py","lineno":593}
{"timestamp":"2026-09-02T20:43:47.609539Z","level":"info","event":"Filling up the DagBag from /opt/airflow/dags/11.Xcom2.py","logger":"airflow.models.dagbag.DagBag","filename":"dagbag.py","lineno":593}
{"timestamp":"2026-09-02T20:43:53.286653Z","level":"info","event":"Filling up the DagBag from /opt/airflow/dags/11.Xcom2.py","logger":"airflow.models.dagbag.DagBag","filename":"dagbag.py","lineno":593}
{"timestamp":"2026-09-02T20:43:59.274638Z","level":"info","event":"Filling up the DagBag from /opt/airflow/dags/11.Xcom2.py","logger":"airflow.models.dagbag.DagBag","filename":"dagbag.py","lineno":593}
{"timestamp":"2026-09-02T20:44:05.912054Z","level":"info","event":"Filling up the DagBag from /opt/airflow/dags/11.Xcom2.py","logger":"airflow.models.dagbag.DagBag","filename":"dagbag.py","lineno":593}
{"timestamp":"2026-09-02T20:44:12.463265Z","level":"info","event":"Filling up the DagBag from /opt/airflow/dags/11.Xcom2.py","logger":"airflow.models.dagbag.DagBag","filename":"dagbag.py","lineno":593}
{"timestamp":"2026-09-02T20:44:18.861469Z","level":"info","event":"Filling up the DagBag from /opt/airflow/dags/11.Xcom2.py","logger":"airflow.models.dagbag.DagBag","filename":"dagbag.py","lineno":593}
{"timestamp":"2026-09-02T20:44:25.628174Z","level":"info","event":"Filling up the DagBag from /opt/airflow/dags/11.Xcom2.py","logger":"airflow.models.dagbag.DagBag","filename":"dagbag.py","lineno":593}
{"timestamp":"2026-09-02T20:44:31.052956Z","level":"info","event":"Filling up the DagBag from /opt/airflow/dags/11.Xcom2.py","logger":"airflow.models.dagbag.DagBag","filename":"dagbag.py","lineno":593}
{"timestamp":"2026-09-02T20:44:36.345547Z","level":"info","event":"Filling up the DagBag from /opt/airflow/dags/11.Xcom2.py","logger":"airflow.models.dagbag.DagBag","filename":"dagbag.py","lineno":593}
{"timestamp":"2026-09-02T20:44:41.783592Z","level":"info","event":"Filling up the DagBag from /opt/airflow/dags/11.Xcom2.py","logger":"airflow.models.dagbag.DagBag","filename":"dagbag.py","lineno":593}
{"timestamp":"2026-09-02T20:44:47.839547Z","level":"info","event":"Filling up the DagBag from /opt/airflow/dags/11.Xcom2.py","logger":"airflow.models.dagbag.DagBag","filename":"dagbag.py","lineno":593}
{"timestamp":"2026-09-02T20:44:54.086239Z","level":"info","event":"Filling up the DagBag from /opt/airflow/dags/11.Xcom2.py","logger":"airflow.models.dagbag.DagBag","filename":"dagbag.py","lineno":593}
{"timestamp":"2026-09-02T20:45:00.458039Z","level":"info","event":"Filling up the DagBag from /opt/airflow/dags/11.Xcom2.py","logger":"airflow.models.dagbag.DagBag","filename":"dagbag.py","lineno":593}
{"timestamp":"2026-09-02T20:45:06.555896Z","level":"info","event":"Filling up the DagBag from /opt/airflow/dags/11.Xcom2.py","logger":"airflow.models.dagbag.DagBag","filename":"dagbag.py","lineno":593}
{"timestamp":"2026-09-02T20:45:12.634619Z","level":"info","event":"Filling up the DagBag from /opt/airflow/dags/11.Xcom2.py","logger":"airflow.models.dagbag.DagBag","filename":"dagbag.py","lineno":593}
{"timestamp":"2026-09-02T20:45:19.236641Z","level":"info","event":"Filling up the DagBag from /opt/airflow/dags/11.Xcom2.py","logger":"airflow.models.dagbag.DagBag","filename":"dagbag.py","lineno":593}
{"timestamp":"2026-09-02T20:45:24.759630Z","level":"info","event":"Filling up the DagBag from /opt/airflow/dags/11.Xcom2.py","logger":"airflow.models.dagbag.DagBag","filename":"dagbag.py","lineno":593}
{"timestamp":"2026-09-02T20:45:31.668492Z","level":"info","event":"Filling up the DagBag from /opt/airflow/dags/11.Xcom2.py","logger":"airflow.models.dagbag.DagBag","filename":"dagbag.py","lineno":593}
{"timestamp":"2026-09-02T20:45:38.068692Z","level":"info","event":"Filling up the DagBag from /opt/airflow/dags/11.Xcom2.py","logger":"airflow.models.dagbag.DagBag","filename":"dagbag.py","lineno":593}
{"timestamp":"2026-09-02T20:45:45.212163Z","level":"info","event":"Filling up the DagBag from /opt/airflow/dags/11.Xcom2.py","logger":"airflow.models.dagbag.DagBag","filename":"dagbag.py","lineno":593}
{"timestamp":"2026-09-02T20:45:51.419710Z","level":"info","event":"Filling up the DagBag from /opt/airflow/dags/11.Xcom2.py","logger":"airflow.models.dagbag.DagBag","filename":"dagbag.py","lineno":593}
{"timestamp":"2026-09-02T20:45:57.439358Z","level":"info","event":"Filling up the DagBag from /opt/airflow/dags/11.Xcom2.py","logger":"airflow.models.dagbag.DagBag","filename":"dagbag.py","lineno":593}
{"timestamp":"2026-09-02T20:46:03.455214Z","level":"info","event":"Filling up the DagBag from /opt/airflow/dags/11.Xcom2.py","logger":"airflow.models.dagbag.DagBag","filename":"dagbag.py","lineno":593}
{"timestamp":"2026-09-02T20:46:09.124138Z","level":"info","event":"Filling up the DagBag from /opt/airflow/dags/11.Xcom2.py","logger":"airflow.models.dagbag.DagBag","filename":"dagbag.py","lineno":593}
{"timestamp":"2026-09-02T20:46:15.102751Z","level":"info","event":"Filling up the DagBag from /opt/airflow/dags/11.Xcom2.py","logger":"airflow.models.dagbag.DagBag","filename":"dagbag.py","lineno":593}
{"timestamp":"2026-09-02T20:46:21.609950Z","level":"info","event":"Filling up the DagBag from /opt/airflow/dags/11.Xcom2.py","logger":"airflow.models.dagbag.DagBag","filename":"dagbag.py","lineno":593}
{"timestamp":"2026-09-02T20:46:27.474146Z","level":"info","event":"Filling up the DagBag from /opt/airflow/dags/11.Xcom2.py","logger":"airflow.models.dagbag.DagBag","filename":"dagbag.py","lineno":593}
{"timestamp":"2026-09-02T20:46:33.528589Z","level":"info","event":"Filling up the DagBag from /opt/airflow/dags/11.Xcom2.py","logger":"airflow.models.dagbag.DagBag","filename":"dagbag.py","lineno":593}
{"timestamp":"2026-09-02T20:46:39.154727Z","level":"info","event":"Filling up the DagBag from /opt/airflow/dags/11.Xcom2.py","logger":"airflow.models.dagbag.DagBag","filename":"dagbag.py","lineno":593}
{"timestamp":"2026-09-02T20:46:45.174417Z","level":"info","event":"Filling up the DagBag from /opt/airflow/dags/11.Xcom2.py","logger":"airflow.models.dagbag.DagBag","filename":"dagbag.py","lineno":593}
{"timestamp":"2026-09-02T20:46:52.959869Z","level":"info","event":"Filling up the DagBag from /opt/airflow/dags/11.Xcom2.py","logger":"airflow.models.dagbag.DagBag","filename":"dagbag.py","lineno":593}
{"timestamp":"2026-09-02T20:46:59.969039Z","level":"info","event":"Filling up the DagBag from /opt/airflow/dags/11.Xcom2.py","logger":"airflow.models.dagbag.DagBag","filename":"dagbag.py","lineno":593}
{"timestamp":"2026-09-02T20:47:06.668529Z","level":"info","event":"Filling up the DagBag from /opt/airflow/dags/11.Xcom2.py","logger":"airflow.models.dagbag.DagBag","filename":"dagbag.py","lineno":593}
{"timestamp":"2026-09-02T20:47:12.706433Z","level":"info","event":"Filling up the DagBag from /opt/airflow/dags/11.Xcom2.py","logger":"airflow.models.dagbag.DagBag","filename":"dagbag.py","lineno":593}
{"timestamp":"2026-09-02T20:47:18.175820Z","level":"info","event":"Filling up the DagBag from /opt/airflow/dags/11.Xcom2.py","logger":"airflow.models.dagbag.DagBag","filename":"dagbag.py","lineno":593}
{"timestamp":"2026-09-02T20:47:23.641862Z","level":"info","event":"Filling up the DagBag from /opt/airflow/dags/11.Xcom2.py","logger":"airflow.models.dagbag.DagBag","filename":"dagbag.py","lineno":593}
{"timestamp":"2026-09-02T20:47:30.652052Z","level":"info","event":"Filling up the DagBag from /opt/airflow/dags/11.Xcom2.py","logger":"airflow.models.dagbag.DagBag","filename":"dagbag.py","lineno":593}
{"timestamp":"2026-09-02T20:47:37.632669Z","level":"info","event":"Filling up the DagBag from /opt/airflow/dags/11.Xcom2.py","logger":"airflow.models.dagbag.DagBag","filename":"dagbag.py","lineno":593}
{"timestamp":"2026-09-02T20:47:44.436664Z","level":"info","event":"Filling up the DagBag from /opt/airflow/dags/11.Xcom2.py","logger":"airflow.models.dagbag.DagBag","filename":"dagbag.py","lineno":593}
{"timestamp":"2026-09-02T20:47:50.497993Z","level":"info","event":"Filling up the DagBag from /opt/airflow/dags/11.Xcom2.py","logger":"airflow.models.dagbag.DagBag","filename":"dagbag.py","lineno":593}
{"timestamp":"2026-09-02T20:47:56.497285Z","level":"info","event":"Filling up the DagBag from /opt/airflow/dags/11.Xcom2.py","logger":"airflow.models.dagbag.DagBag","filename":"dagbag.py","lineno":593}
{"timestamp":"2026-09-02T20:48:02.073946Z","level":"info","event":"Filling up the DagBag from /opt/airflow/dags/11.Xcom2.py","logger":"airflow.models.dagbag.DagBag","filename":"dagbag.py","lineno":593}
{"timestamp":"2026-09-02T20:48:08.038391Z","level":"info","event":"Filling up the DagBag from /opt/airflow/dags/11.Xcom2.py","logger":"airflow.models.dagbag.DagBag","filename":"dagbag.py","lineno":593}
{"timestamp":"2026-09-02T20:48:14.234109Z","level":"info","event":"Filling up the DagBag from /opt/airflow/dags/11.Xcom2.py","logger":"airflow.models.dagbag.DagBag","filename":"dagbag.py","lineno":593}
{"timestamp":"2026-09-02T20:48:21.512621Z","level":"info","event":"Filling up the DagBag from /opt/airflow/dags/11.Xcom2.py","logger":"airflow.models.dagbag.DagBag","filename":"dagbag.py","lineno":593}
{"timestamp":"2026-09-02T20:48:27.732137Z","level":"info","event":"Filling up the DagBag from /opt/airflow/dags/11.Xcom2.py","logger":"airflow.models.dagbag.DagBag","filename":"dagbag.py","lineno":593}
{"timestamp":"2026-09-02T20:48:33.664508Z","level":"info","event":"Filling up the DagBag from /opt/airflow/dags/11.Xcom2.py","logger":"airflow.models.dagbag.DagBag","filename":"dagbag.py","lineno":593}
{"timestamp":"2026-09-02T20:48:39.776374Z","level":"info","event":"Filling up the DagBag from /opt/airflow/dags/11.Xcom2.py","logger":"airflow.models.dagbag.DagBag","filename":"dagbag.py","lineno":593}
{"timestamp":"2026-09-02T20:48:45.232209Z","level":"info","event":"Filling up the DagBag from /opt/airflow/dags/11.Xcom2.py","logger":"airflow.models.dagbag.DagBag","filename":"dagbag.py","lineno":593}
{"timestamp":"2026-09-02T20:48:51.465399Z","level":"info","event":"Filling up the DagBag from /opt/airflow/dags/11.Xcom2.py","logger":"airflow.models.dagbag.DagBag","filename":"dagbag.py","lineno":593}
{"timestamp":"2026-09-02T20:48:57.500249Z","level":"info","event":"Filling up the DagBag from /opt/airflow/dags/11.Xcom2.py","logger":"airflow.models.dagbag.DagBag","filename":"dagbag.py","lineno":593}
{"timestamp":"2026-09-02T20:49:04.011702Z","level":"info","event":"Filling up the DagBag from /opt/airflow/dags/11.Xcom2.py","logger":"airflow.models.dagbag.DagBag","filename":"dagbag.py","lineno":593}
{"timestamp":"2026-09-02T20:49:09.867280Z","level":"info","event":"Filling up the DagBag from /opt/airflow/dags/11.Xcom2.py","logger":"airflow.models.dagbag.DagBag","filename":"dagbag.py","lineno":593}
{"timestamp":"2026-09-02T20:49:15.636085Z","level":"info","event":"Filling up the DagBag from /opt/airflow/dags/11.Xcom2.py","logger":"airflow.models.dagbag.DagBag","filename":"dagbag.py","lineno":593}
{"timestamp":"2026-09-02T20:49:21.115582Z","level":"info","event":"Filling up the DagBag from /opt/airflow/dags/11.Xcom2.py","logger":"airflow.models.dagbag.DagBag","filename":"dagbag.py","lineno":593}
{"timestamp":"2026-09-02T20:49:26.749918Z","level":"info","event":"Filling up the DagBag from /opt/airflow/dags/11.Xcom2.py","logger":"airflow.models.dagbag.DagBag","filename":"dagbag.py","lineno":593}
{"timestamp":"2026-09-02T20:49:32.960651Z","level":"info","event":"Filling up the DagBag from /opt/airflow/dags/11.Xcom2.py","logger":"airflow.models.dagbag.DagBag","filename":"dagbag.py","lineno":593}
{"timestamp":"2026-09-02T20:49:39.789761Z","level":"info","event":"Filling up the DagBag from /opt/airflow/dags/11.Xcom2.py","logger":"airflow.models.dagbag.DagBag","filename":"dagbag.py","lineno":593}
{"timestamp":"2026-09-02T20:49:45.850239Z","level":"info","event":"Filling up the DagBag from /opt/airflow/dags/11.Xcom2.py","logger":"airflow.models.dagbag.DagBag","filename":"dagbag.py","lineno":593}
{"timestamp":"2026-09-02T20:49:51.559964Z","level":"info","event":"Filling up the DagBag from /opt/airflow/dags/11.Xcom2.py","logger":"airflow.models.dagbag.DagBag","filename":"dagbag.py","lineno":593}
{"timestamp":"2026-09-02T20:49:57.150952Z","level":"info","event":"Filling up the DagBag from /opt/airflow/dags/11.Xcom2.py","logger":"airflow.models.dagbag.DagBag","filename":"dagbag.py","lineno":593}
{"timestamp":"2026-09-02T20:50:02.617563Z","level":"info","event":"Filling up the DagBag from /opt/airflow/dags/11.Xcom2.py","logger":"airflow.models.dagbag.DagBag","filename":"dagbag.py","lineno":593}
{"timestamp":"2026-09-02T20:50:08.544304Z","level":"info","event":"Filling up the DagBag from /opt/airflow/dags/11.Xcom2.py","logger":"airflow.models.dagbag.DagBag","filename":"dagbag.py","lineno":593}
{"timestamp":"2026-09-02T20:50:14.233700Z","level":"info","event":"Filling up the DagBag from /opt/airflow/dags/11.Xcom2.py","logger":"airflow.models.dagbag.DagBag","filename":"dagbag.py","lineno":593}
{"timestamp":"2026-09-02T20:50:20.918409Z","level":"info","event":"Filling up the DagBag from /opt/airflow/dags/11.Xcom2.py","logger":"airflow.models.dagbag.DagBag","filename":"dagbag.py","lineno":593}
{"timestamp":"2026-09-02T20:50:27.695063Z","level":"info","event":"Filling up the DagBag from /opt/airflow/dags/11.Xcom2.py","logger":"airflow.models.dagbag.DagBag","filename":"dagbag.py","lineno":593}
{"timestamp":"2026-09-02T20:50:33.659094Z","level":"info","event":"Filling up the DagBag from /opt/airflow/dags/11.Xcom2.py","logger":"airflow.models.dagbag.DagBag","filename":"dagbag.py","lineno":593}
{"timestamp":"2026-09-02T20:50:39.716681Z","level":"info","event":"Filling up the DagBag from /opt/airflow/dags/11.Xcom2.py","logger":"airflow.models.dagbag.DagBag","filename":"dagbag.py","lineno":593}
{"timestamp":"2026-09-02T20:50:45.744056Z","level":"info","event":"Filling up the DagBag from /opt/airflow/dags/11.Xcom2.py","logger":"airflow.models.dagbag.DagBag","filename":"dagbag.py","lineno":593}
{"timestamp":"2026-09-02T20:50:51.304548Z","level":"info","event":"Filling up the DagBag from /opt/airflow/dags/11.Xcom2.py","logger":"airflow.models.dagbag.DagBag","filename":"dagbag.py","lineno":593}
{"timestamp":"2026-09-02T20:50:57.864740Z","level":"info","event":"Filling up the DagBag from /opt/airflow/dags/11.Xcom2.py","logger":"airflow.models.dagbag.DagBag","filename":"dagbag.py","lineno":593}
{"timestamp":"2026-09-02T20:51:05.169671Z","level":"info","event":"Filling up the DagBag from /opt/airflow/dags/11.Xcom2.py","logger":"airflow.models.dagbag.DagBag","filename":"dagbag.py","lineno":593}
{"timestamp":"2026-09-02T20:51:14.275954Z","level":"info","event":"Filling up the DagBag from /opt/airflow/dags/11.Xcom2.py","logger":"airflow.models.dagbag.DagBag","filename":"dagbag.py","lineno":593}
{"timestamp":"2026-09-02T20:51:20.980184Z","level":"info","event":"Filling up the DagBag from /opt/airflow/dags/11.Xcom2.py","logger":"airflow.models.dagbag.DagBag","filename":"dagbag.py","lineno":593}
{"timestamp":"2026-09-02T20:51:26.695664Z","level":"info","event":"Filling up the DagBag from /opt/airflow/dags/11.Xcom2.py","logger":"airflow.models.dagbag.DagBag","filename":"dagbag.py","lineno":593}
{"timestamp":"2026-09-02T20:51:32.432515Z","level":"info","event":"Filling up the DagBag from /opt/airflow/dags/11.Xcom2.py","logger":"airflow.models.dagbag.DagBag","filename":"dagbag.py","lineno":593}
{"timestamp":"2026-09-02T20:51:39.235460Z","level":"info","event":"Filling up the DagBag from /opt/airflow/dags/11.Xcom2.py","logger":"airflow.models.dagbag.DagBag","filename":"dagbag.py","lineno":593}
{"timestamp":"2026-09-02T20:51:46.273883Z","level":"info","event":"Filling up the DagBag from /opt/airflow/dags/11.Xcom2.py","logger":"airflow.models.dagbag.DagBag","filename":"dagbag.py","lineno":593}
{"timestamp":"2026-09-02T20:51:52.410297Z","level":"info","event":"Filling up the DagBag from /opt/airflow/dags/11.Xcom2.py","logger":"airflow.models.dagbag.DagBag","filename":"dagbag.py","lineno":593}
{"timestamp":"2026-09-02T20:51:58.190928Z","level":"info","event":"Filling up the DagBag from /opt/airflow/dags/11.Xcom2.py","logger":"airflow.models.dagbag.DagBag","filename":"dagbag.py","lineno":593}
{"timestamp":"2026-09-02T20:52:03.736225Z","level":"info","event":"Filling up the DagBag from /opt/airflow/dags/11.Xcom2.py","logger":"airflow.models.dagbag.DagBag","filename":"dagbag.py","lineno":593}
{"timestamp":"2026-09-02T20:52:09.590170Z","level":"info","event":"Filling up the DagBag from /opt/airflow/dags/11.Xcom2.py","logger":"airflow.models.dagbag.DagBag","filename":"dagbag.py","lineno":593}
{"timestamp":"2026-09-02T20:52:16.245386Z","level":"info","event":"Filling up the DagBag from /opt/airflow/dags/11.Xcom2.py","logger":"airflow.models.dagbag.DagBag","filename":"dagbag.py","lineno":593}
{"timestamp":"2026-09-02T20:52:23.122483Z","level":"info","event":"Filling up the DagBag from /opt/airflow/dags/11.Xcom2.py","logger":"airflow.models.dagbag.DagBag","filename":"dagbag.py","lineno":593}
{"timestamp":"2026-09-02T20:52:28.949169Z","level":"info","event":"Filling up the DagBag from /opt/airflow/dags/11.Xcom2.py","logger":"airflow.models.dagbag.DagBag","filename":"dagbag.py","lineno":593}
{"timestamp":"2026-09-02T20:52:34.494342Z","level":"info","event":"Filling up the DagBag from /opt/airflow/dags/11.Xcom2.py","logger":"airflow.models.dagbag.DagBag","filename":"dagbag.py","lineno":593}
{"timestamp":"2026-09-02T20:52:40.038387Z","level":"info","event":"Filling up the DagBag from /opt/airflow/dags/11.Xcom2.py","logger":"airflow.models.dagbag.DagBag","filename":"dagbag.py","lineno":593}
{"timestamp":"2026-09-02T20:52:46.211782Z","level":"info","event":"Filling up the DagBag from /opt/airflow/dags/11.Xcom2.py","logger":"airflow.models.dagbag.DagBag","filename":"dagbag.py","lineno":593}
{"timestamp":"2026-09-02T20:52:51.992436Z","level":"info","event":"Filling up the DagBag from /opt/airflow/dags/11.Xcom2.py","logger":"airflow.models.dagbag.DagBag","filename":"dagbag.py","lineno":593}
{"timestamp":"2026-09-02T20:52:58.132487Z","level":"info","event":"Filling up the DagBag from /opt/airflow/dags/11.Xcom2.py","logger":"airflow.models.dagbag.DagBag","filename":"dagbag.py","lineno":593}
{"timestamp":"2026-09-02T20:53:04.559726Z","level":"info","event":"Filling up the DagBag from /opt/airflow/dags/11.Xcom2.py","logger":"airflow.models.dagbag.DagBag","filename":"dagbag.py","lineno":593}
{"timestamp":"2026-09-02T20:53:10.561263Z","level":"info","event":"Filling up the DagBag from /opt/airflow/dags/11.Xcom2.py","logger":"airflow.models.dagbag.DagBag","filename":"dagbag.py","lineno":593}
{"timestamp":"2026-09-02T20:53:16.439665Z","level":"info","event":"Filling up the DagBag from /opt/airflow/dags/11.Xcom2.py","logger":"airflow.models.dagbag.DagBag","filename":"dagbag.py","lineno":593}
{"timestamp":"2026-09-02T20:53:22.213983Z","level":"info","event":"Filling up the DagBag from /opt/airflow/dags/11.Xcom2.py","logger":"airflow.models.dagbag.DagBag","filename":"dagbag.py","lineno":593}
{"timestamp":"2026-09-02T20:53:27.936414Z","level":"info","event":"Filling up the DagBag from /opt/airflow/dags/11.Xcom2.py","logger":"airflow.models.dagbag.DagBag","filename":"dagbag.py","lineno":593}
{"timestamp":"2026-09-02T20:53:33.896494Z","level":"info","event":"Filling up the DagBag from /opt/airflow/dags/11.Xcom2.py","logger":"airflow.models.dagbag.DagBag","filename":"dagbag.py","lineno":593}
{"timestamp":"2026-09-02T20:53:41.192863Z","level":"info","event":"Filling up the DagBag from /opt/airflow/dags/11.Xcom2.py","logger":"airflow.models.dagbag.DagBag","filename":"dagbag.py","lineno":593}
{"timestamp":"2026-09-02T20:53:49.174856Z","level":"info","event":"Filling up the DagBag from /opt/airflow/dags/11.Xcom2.py","logger":"airflow.models.dagbag.DagBag","filename":"dagbag.py","lineno":593}
{"timestamp":"2026-09-02T20:53:55.016244Z","level":"info","event":"Filling up the DagBag from /opt/airflow/dags/11.Xcom2.py","logger":"airflow.models.dagbag.DagBag","filename":"dagbag.py","lineno":593}
{"timestamp":"2026-09-02T20:54:00.562629Z","level":"info","event":"Filling up the DagBag from /opt/airflow/dags/11.Xcom2.py","logger":"airflow.models.dagbag.DagBag","filename":"dagbag.py","lineno":593}
{"timestamp":"2026-09-02T20:54:05.962567Z","level":"info","event":"Filling up the DagBag from /opt/airflow/dags/11.Xcom2.py","logger":"airflow.models.dagbag.DagBag","filename":"dagbag.py","lineno":593}
{"timestamp":"2026-09-02T20:54:11.980104Z","level":"info","event":"Filling up the DagBag from /opt/airflow/dags/11.Xcom2.py","logger":"airflow.models.dagbag.DagBag","filename":"dagbag.py","lineno":593}
{"timestamp":"2026-09-02T20:54:19.211251Z","level":"info","event":"Filling up the DagBag from /opt/airflow/dags/11.Xcom2.py","logger":"airflow.models.dagbag.DagBag","filename":"dagbag.py","lineno":593}
{"timestamp":"2026-09-02T20:54:26.346261Z","level":"info","event":"Filling up the DagBag from /opt/airflow/dags/11.Xcom2.py","logger":"airflow.models.dagbag.DagBag","filename":"dagbag.py","lineno":593}
{"timestamp":"2026-09-02T20:54:32.519016Z","level":"info","event":"Filling up the DagBag from /opt/airflow/dags/11.Xcom2.py","logger":"airflow.models.dagbag.DagBag","filename":"dagbag.py","lineno":593}
{"timestamp":"2026-09-02T20:54:38.674965Z","level":"info","event":"Filling up the DagBag from /opt/airflow/dags/11.Xcom2.py","logger":"airflow.models.dagbag.DagBag","filename":"dagbag.py","lineno":593}
{"timestamp":"2026-09-02T20:54:44.283342Z","level":"info","event":"Filling up the DagBag from /opt/airflow/dags/11.Xcom2.py","logger":"airflow.models.dagbag.DagBag","filename":"dagbag.py","lineno":593}
{"timestamp":"2026-09-02T20:54:50.201799Z","level":"info","event":"Filling up the DagBag from /opt/airflow/dags/11.Xcom2.py","logger":"airflow.models.dagbag.DagBag","filename":"dagbag.py","lineno":593}
{"timestamp":"2026-09-02T20:54:56.180969Z","level":"info","event":"Filling up the DagBag from /opt/airflow/dags/11.Xcom2.py","logger":"airflow.models.dagbag.DagBag","filename":"dagbag.py","lineno":593}
{"timestamp":"2026-09-02T20:55:03.941642Z","level":"info","event":"Filling up the DagBag from /opt/airflow/dags/11.Xcom2.py","logger":"airflow.models.dagbag.DagBag","filename":"dagbag.py","lineno":593}
{"timestamp":"2026-09-02T20:55:10.618611Z","level":"info","event":"Filling up the DagBag from /opt/airflow/dags/11.Xcom2.py","logger":"airflow.models.dagbag.DagBag","filename":"dagbag.py","lineno":593}
{"timestamp":"2026-09-02T20:55:16.461687Z","level":"info","event":"Filling up the DagBag from /opt/airflow/dags/11.Xcom2.py","logger":"airflow.models.dagbag.DagBag","filename":"dagbag.py","lineno":593}
{"timestamp":"2026-09-02T20:55:22.312460Z","level":"info","event":"Filling up the DagBag from /opt/airflow/dags/11.Xcom2.py","logger":"airflow.models.dagbag.DagBag","filename":"dagbag.py","lineno":593}
{"timestamp":"2026-09-02T20:55:28.043492Z","level":"info","event":"Filling up the DagBag from /opt/airflow/dags/11.Xcom2.py","logger":"airflow.models.dagbag.DagBag","filename":"dagbag.py","lineno":593}
{"timestamp":"2026-09-02T20:55:33.881685Z","level":"info","event":"Filling up the DagBag from /opt/airflow/dags/11.Xcom2.py","logger":"airflow.models.dagbag.DagBag","filename":"dagbag.py","lineno":593}
{"timestamp":"2026-09-02T20:55:40.791037Z","level":"info","event":"Filling up the DagBag from /opt/airflow/dags/11.Xcom2.py","logger":"airflow.models.dagbag.DagBag","filename":"dagbag.py","lineno":593}
{"timestamp":"2026-09-02T20:55:47.389158Z","level":"info","event":"Filling up the DagBag from /opt/airflow/dags/11.Xcom2.py","logger":"airflow.models.dagbag.DagBag","filename":"dagbag.py","lineno":593}
{"timestamp":"2026-09-02T20:55:53.610291Z","level":"info","event":"Filling up the DagBag from /opt/airflow/dags/11.Xcom2.py","logger":"airflow.models.dagbag.DagBag","filename":"dagbag.py","lineno":593}
{"timestamp":"2026-09-02T20:55:59.390934Z","level":"info","event":"Filling up the DagBag from /opt/airflow/dags/11.Xcom2.py","logger":"airflow.models.dagbag.DagBag","filename":"dagbag.py","lineno":593}
{"timestamp":"2026-09-02T20:56:05.448320Z","level":"info","event":"Filling up the DagBag from /opt/airflow/dags/11.Xcom2.py","logger":"airflow.models.dagbag.DagBag","filename":"dagbag.py","lineno":593}
{"timestamp":"2026-09-02T20:56:11.336369Z","level":"info","event":"Filling up the DagBag from /opt/airflow/dags/11.Xcom2.py","logger":"airflow.models.dagbag.DagBag","filename":"dagbag.py","lineno":593}
{"timestamp":"2026-09-02T20:56:17.654995Z","level":"info","event":"Filling up the DagBag from /opt/airflow/dags/11.Xcom2.py","logger":"airflow.models.dagbag.DagBag","filename":"dagbag.py","lineno":593}
{"timestamp":"2026-09-02T20:56:24.398683Z","level":"info","event":"Filling up the DagBag from /opt/airflow/dags/11.Xcom2.py","logger":"airflow.models.dagbag.DagBag","filename":"dagbag.py","lineno":593}
{"timestamp":"2026-09-02T20:56:31.204914Z","level":"info","event":"Filling up the DagBag from /opt/airflow/dags/11.Xcom2.py","logger":"airflow.models.dagbag.DagBag","filename":"dagbag.py","lineno":593}
{"timestamp":"2026-09-02T20:56:37.436958Z","level":"info","event":"Filling up the DagBag from /opt/airflow/dags/11.Xcom2.py","logger":"airflow.models.dagbag.DagBag","filename":"dagbag.py","lineno":593}
{"timestamp":"2026-09-02T20:56:43.310683Z","level":"info","event":"Filling up the DagBag from /opt/airflow/dags/11.Xcom2.py","logger":"airflow.models.dagbag.DagBag","filename":"dagbag.py","lineno":593}
{"timestamp":"2026-09-02T20:56:49.049957Z","level":"info","event":"Filling up the DagBag from /opt/airflow/dags/11.Xcom2.py","logger":"airflow.models.dagbag.DagBag","filename":"dagbag.py","lineno":593}
{"timestamp":"2026-09-02T20:56:55.397924Z","level":"info","event":"Filling up the DagBag from /opt/airflow/dags/11.Xcom2.py","logger":"airflow.models.dagbag.DagBag","filename":"dagbag.py","lineno":593}
{"timestamp":"2026-09-02T20:57:02.219813Z","level":"info","event":"Filling up the DagBag from /opt/airflow/dags/11.Xcom2.py","logger":"airflow.models.dagbag.DagBag","filename":"dagbag.py","lineno":593}
{"timestamp":"2026-09-02T20:57:08.786965Z","level":"info","event":"Filling up the DagBag from /opt/airflow/dags/11.Xcom2.py","logger":"airflow.models.dagbag.DagBag","filename":"dagbag.py","lineno":593}
{"timestamp":"2026-09-02T20:57:15.097989Z","level":"info","event":"Filling up the DagBag from /opt/airflow/dags/11.Xcom2.py","logger":"airflow.models.dagbag.DagBag","filename":"dagbag.py","lineno":593}
{"timestamp":"2026-09-02T20:57:20.979681Z","level":"info","event":"Filling up the DagBag from /opt/airflow/dags/11.Xcom2.py","logger":"airflow.models.dagbag.DagBag","filename":"dagbag.py","lineno":593}
{"timestamp":"2026-09-02T20:57:26.653525Z","level":"info","event":"Filling up the DagBag from /opt/airflow/dags/11.Xcom2.py","logger":"airflow.models.dagbag.DagBag","filename":"dagbag.py","lineno":593}
{"timestamp":"2026-09-02T20:57:32.880367Z","level":"info","event":"Filling up the DagBag from /opt/airflow/dags/11.Xcom2.py","logger":"airflow.models.dagbag.DagBag","filename":"dagbag.py","lineno":593}
{"timestamp":"2026-09-02T20:57:40.159059Z","level":"info","event":"Filling up the DagBag from /opt/airflow/dags/11.Xcom2.py","logger":"airflow.models.dagbag.DagBag","filename":"dagbag.py","lineno":593}
{"timestamp":"2026-09-02T20:57:47.078247Z","level":"info","event":"Filling up the DagBag from /opt/airflow/dags/11.Xcom2.py","logger":"airflow.models.dagbag.DagBag","filename":"dagbag.py","lineno":593}
{"timestamp":"2026-09-02T20:57:53.412387Z","level":"info","event":"Filling up the DagBag from /opt/airflow/dags/11.Xcom2.py","logger":"airflow.models.dagbag.DagBag","filename":"dagbag.py","lineno":593}
{"timestamp":"2026-09-02T20:58:00.792877Z","level":"info","event":"Filling up the DagBag from /opt/airflow/dags/11.Xcom2.py","logger":"airflow.models.dagbag.DagBag","filename":"dagbag.py","lineno":593}
{"timestamp":"2026-09-02T20:58:06.312564Z","level":"info","event":"Filling up the DagBag from /opt/airflow/dags/11.Xcom2.py","logger":"airflow.models.dagbag.DagBag","filename":"dagbag.py","lineno":593}
{"timestamp":"2026-09-02T20:58:12.489020Z","level":"info","event":"Filling up the DagBag from /opt/airflow/dags/11.Xcom2.py","logger":"airflow.models.dagbag.DagBag","filename":"dagbag.py","lineno":593}
{"timestamp":"2026-09-02T20:58:18.600205Z","level":"info","event":"Filling up the DagBag from /opt/airflow/dags/11.Xcom2.py","logger":"airflow.models.dagbag.DagBag","filename":"dagbag.py","lineno":593}
{"timestamp":"2026-09-02T20:58:26.190193Z","level":"info","event":"Filling up the DagBag from /opt/airflow/dags/11.Xcom2.py","logger":"airflow.models.dagbag.DagBag","filename":"dagbag.py","lineno":593}
{"timestamp":"2026-09-02T20:58:34.085272Z","level":"info","event":"Filling up the DagBag from /opt/airflow/dags/11.Xcom2.py","logger":"airflow.models.dagbag.DagBag","filename":"dagbag.py","lineno":593}
{"timestamp":"2026-09-02T20:58:40.009340Z","level":"info","event":"Filling up the DagBag from /opt/airflow/dags/11.Xcom2.py","logger":"airflow.models.dagbag.DagBag","filename":"dagbag.py","lineno":593}
{"timestamp":"2026-09-02T20:58:46.242276Z","level":"info","event":"Filling up the DagBag from /opt/airflow/dags/11.Xcom2.py","logger":"airflow.models.dagbag.DagBag","filename":"dagbag.py","lineno":593}
{"timestamp":"2026-09-02T20:58:51.993391Z","level":"info","event":"Filling up the DagBag from /opt/airflow/dags/11.Xcom2.py","logger":"airflow.models.dagbag.DagBag","filename":"dagbag.py","lineno":593}
{"timestamp":"2026-09-02T20:58:58.134181Z","level":"info","event":"Filling up the DagBag from /opt/airflow/dags/11.Xcom2.py","logger":"airflow.models.dagbag.DagBag","filename":"dagbag.py","lineno":593}
{"timestamp":"2026-09-02T20:59:04.381436Z","level":"info","event":"Filling up the DagBag from /opt/airflow/dags/11.Xcom2.py","logger":"airflow.models.dagbag.DagBag","filename":"dagbag.py","lineno":593}
{"timestamp":"2026-09-02T20:59:12.066072Z","level":"info","event":"Filling up the DagBag from /opt/airflow/dags/11.Xcom2.py","logger":"airflow.models.dagbag.DagBag","filename":"dagbag.py","lineno":593}
{"timestamp":"2026-09-02T20:59:17.790162Z","level":"info","event":"Filling up the DagBag from /opt/airflow/dags/11.Xcom2.py","logger":"airflow.models.dagbag.DagBag","filename":"dagbag.py","lineno":593}
{"timestamp":"2026-09-02T20:59:23.478025Z","level":"info","event":"Filling up the DagBag from /opt/airflow/dags/11.Xcom2.py","logger":"airflow.models.dagbag.DagBag","filename":"dagbag.py","lineno":593}
{"timestamp":"2026-09-02T20:59:29.566773Z","level":"info","event":"Filling up the DagBag from /opt/airflow/dags/11.Xcom2.py","logger":"airflow.models.dagbag.DagBag","filename":"dagbag.py","lineno":593}
{"timestamp":"2026-09-02T20:59:35.481563Z","level":"info","event":"Filling up the DagBag from /opt/airflow/dags/11.Xcom2.py","logger":"airflow.models.dagbag.DagBag","filename":"dagbag.py","lineno":593}
{"timestamp":"2026-09-02T20:59:42.212988Z","level":"info","event":"Filling up the DagBag from /opt/airflow/dags/11.Xcom2.py","logger":"airflow.models.dagbag.DagBag","filename":"dagbag.py","lineno":593}
{"timestamp":"2026-09-02T20:59:50.209380Z","level":"info","event":"Filling up the DagBag from /opt/airflow/dags/11.Xcom2.py","logger":"airflow.models.dagbag.DagBag","filename":"dagbag.py","lineno":593}
{"timestamp":"2026-09-02T20:59:56.622854Z","level":"info","event":"Filling up the DagBag from /opt/airflow/dags/11.Xcom2.py","logger":"airflow.models.dagbag.DagBag","filename":"dagbag.py","lineno":593}
{"timestamp":"2026-09-02T21:00:07.231704Z","level":"info","event":"Filling up the DagBag from /opt/airflow/dags/11.Xcom2.py","logger":"airflow.models.dagbag.DagBag","filename":"dagbag.py","lineno":593}
{"timestamp":"2026-09-02T21:00:15.672900Z","level":"info","event":"Filling up the DagBag from /opt/airflow/dags/11.Xcom2.py","logger":"airflow.models.dagbag.DagBag","filename":"dagbag.py","lineno":593}
{"timestamp":"2026-09-02T21:00:24.001038Z","level":"info","event":"Filling up the DagBag from /opt/airflow/dags/11.Xcom2.py","logger":"airflow.models.dagbag.DagBag","filename":"dagbag.py","lineno":593}
{"timestamp":"2026-09-02T21:00:33.632682Z","level":"info","event":"Filling up the DagBag from /opt/airflow/dags/11.Xcom2.py","logger":"airflow.models.dagbag.DagBag","filename":"dagbag.py","lineno":593}
{"timestamp":"2026-09-02T21:00:41.264088Z","level":"info","event":"Filling up the DagBag from /opt/airflow/dags/11.Xcom2.py","logger":"airflow.models.dagbag.DagBag","filename":"dagbag.py","lineno":593}
{"timestamp":"2026-09-02T21:00:48.076655Z","level":"info","event":"Filling up the DagBag from /opt/airflow/dags/11.Xcom2.py","logger":"airflow.models.dagbag.DagBag","filename":"dagbag.py","lineno":593}
{"timestamp":"2026-09-02T21:00:59.173689Z","level":"info","event":"Filling up the DagBag from /opt/airflow/dags/11.Xcom2.py","logger":"airflow.models.dagbag.DagBag","filename":"dagbag.py","lineno":593}
{"timestamp":"2026-09-02T21:01:06.694739Z","level":"info","event":"Filling up the DagBag from /opt/airflow/dags/11.Xcom2.py","logger":"airflow.models.dagbag.DagBag","filename":"dagbag.py","lineno":593}
{"timestamp":"2026-09-02T21:01:13.866132Z","level":"info","event":"Filling up the DagBag from /opt/airflow/dags/11.Xcom2.py","logger":"airflow.models.dagbag.DagBag","filename":"dagbag.py","lineno":593}
{"timestamp":"2026-09-02T21:01:19.771006Z","level":"info","event":"Filling up the DagBag from /opt/airflow/dags/11.Xcom2.py","logger":"airflow.models.dagbag.DagBag","filename":"dagbag.py","lineno":593}
{"timestamp":"2026-09-02T21:01:26.249294Z","level":"info","event":"Filling up the DagBag from /opt/airflow/dags/11.Xcom2.py","logger":"airflow.models.dagbag.DagBag","filename":"dagbag.py","lineno":593}
{"timestamp":"2026-09-02T21:01:31.773208Z","level":"info","event":"Filling up the DagBag from /opt/airflow/dags/11.Xcom2.py","logger":"airflow.models.dagbag.DagBag","filename":"dagbag.py","lineno":593}
{"timestamp":"2026-09-02T21:01:38.298399Z","level":"info","event":"Filling up the DagBag from /opt/airflow/dags/11.Xcom2.py","logger":"airflow.models.dagbag.DagBag","filename":"dagbag.py","lineno":593}
{"timestamp":"2026-09-02T21:01:46.067286Z","level":"info","event":"Filling up the DagBag from /opt/airflow/dags/11.Xcom2.py","logger":"airflow.models.dagbag.DagBag","filename":"dagbag.py","lineno":593}
{"timestamp":"2026-09-02T21:01:52.752378Z","level":"info","event":"Filling up the DagBag from /opt/airflow/dags/11.Xcom2.py","logger":"airflow.models.dagbag.DagBag","filename":"dagbag.py","lineno":593}
{"timestamp":"2026-09-02T21:02:02.079859Z","level":"info","event":"Filling up the DagBag from /opt/airflow/dags/11.Xcom2.py","logger":"airflow.models.dagbag.DagBag","filename":"dagbag.py","lineno":593}
{"timestamp":"2026-09-02T21:02:09.695137Z","level":"info","event":"Filling up the DagBag from /opt/airflow/dags/11.Xcom2.py","logger":"airflow.models.dagbag.DagBag","filename":"dagbag.py","lineno":593}
{"timestamp":"2026-09-02T21:02:17.914313Z","level":"info","event":"Filling up the DagBag from /opt/airflow/dags/11.Xcom2.py","logger":"airflow.models.dagbag.DagBag","filename":"dagbag.py","lineno":593}
{"timestamp":"2026-09-02T21:02:25.411226Z","level":"info","event":"Filling up the DagBag from /opt/airflow/dags/11.Xcom2.py","logger":"airflow.models.dagbag.DagBag","filename":"dagbag.py","lineno":593}
{"timestamp":"2026-09-02T21:02:32.203195Z","level":"info","event":"Filling up the DagBag from /opt/airflow/dags/11.Xcom2.py","logger":"airflow.models.dagbag.DagBag","filename":"dagbag.py","lineno":593}
{"timestamp":"2026-09-02T21:02:38.741305Z","level":"info","event":"Filling up the DagBag from /opt/airflow/dags/11.Xcom2.py","logger":"airflow.models.dagbag.DagBag","filename":"dagbag.py","lineno":593}
{"timestamp":"2026-09-02T21:02:44.746883Z","level":"info","event":"Filling up the DagBag from /opt/airflow/dags/11.Xcom2.py","logger":"airflow.models.dagbag.DagBag","filename":"dagbag.py","lineno":593}
{"timestamp":"2026-09-02T21:02:51.981983Z","level":"info","event":"Filling up the DagBag from /opt/airflow/dags/11.Xcom2.py","logger":"airflow.models.dagbag.DagBag","filename":"dagbag.py","lineno":593}
{"timestamp":"2026-09-02T21:03:02.727796Z","level":"info","event":"Filling up the DagBag from /opt/airflow/dags/11.Xcom2.py","logger":"airflow.models.dagbag.DagBag","filename":"dagbag.py","lineno":593}
{"timestamp":"2026-09-02T21:03:11.986833Z","level":"info","event":"Filling up the DagBag from /opt/airflow/dags/11.Xcom2.py","logger":"airflow.models.dagbag.DagBag","filename":"dagbag.py","lineno":593}
{"timestamp":"2026-09-02T21:03:22.369210Z","level":"info","event":"Filling up the DagBag from /opt/airflow/dags/11.Xcom2.py","logger":"airflow.models.dagbag.DagBag","filename":"dagbag.py","lineno":593}
{"timestamp":"2026-09-02T21:03:29.978827Z","level":"info","event":"Filling up the DagBag from /opt/airflow/dags/11.Xcom2.py","logger":"airflow.models.dagbag.DagBag","filename":"dagbag.py","lineno":593}
{"timestamp":"2026-09-02T21:03:39.664347Z","level":"info","event":"Filling up the DagBag from /opt/airflow/dags/11.Xcom2.py","logger":"airflow.models.dagbag.DagBag","filename":"dagbag.py","lineno":593}
{"timestamp":"2026-09-02T21:03:48.218303Z","level":"info","event":"Filling up the DagBag from /opt/airflow/dags/11.Xcom2.py","logger":"airflow.models.dagbag.DagBag","filename":"dagbag.py","lineno":593}
{"timestamp":"2026-09-02T21:04:00.688728Z","level":"info","event":"Filling up the DagBag from /opt/airflow/dags/11.Xcom2.py","logger":"airflow.models.dagbag.DagBag","filename":"dagbag.py","lineno":593}
{"timestamp":"2026-09-02T21:04:11.767130Z","level":"info","event":"Filling up the DagBag from /opt/airflow/dags/11.Xcom2.py","logger":"airflow.models.dagbag.DagBag","filename":"dagbag.py","lineno":593}
{"timestamp":"2026-09-02T21:11:25.629649Z","level":"info","event":"Filling up the DagBag from /opt/airflow/dags/11.Xcom2.py","logger":"airflow.models.dagbag.DagBag","filename":"dagbag.py","lineno":593}
{"timestamp":"2026-09-02T21:11:33.835659Z","level":"info","event":"Filling up the DagBag from /opt/airflow/dags/11.Xcom2.py","logger":"airflow.models.dagbag.DagBag","filename":"dagbag.py","lineno":593}
{"timestamp":"2026-09-02T21:11:40.185609Z","level":"info","event":"Filling up the DagBag from /opt/airflow/dags/11.Xcom2.py","logger":"airflow.models.dagbag.DagBag","filename":"dagbag.py","lineno":593}
{"timestamp":"2026-09-02T21:11:45.866936Z","level":"info","event":"Filling up the DagBag from /opt/airflow/dags/11.Xcom2.py","logger":"airflow.models.dagbag.DagBag","filename":"dagbag.py","lineno":593}
{"timestamp":"2026-09-02T21:11:51.376552Z","level":"info","event":"Filling up the DagBag from /opt/airflow/dags/11.Xcom2.py","logger":"airflow.models.dagbag.DagBag","filename":"dagbag.py","lineno":593}
{"timestamp":"2026-09-02T21:11:57.509356Z","level":"info","event":"Filling up the DagBag from /opt/airflow/dags/11.Xcom2.py","logger":"airflow.models.dagbag.DagBag","filename":"dagbag.py","lineno":593}
{"timestamp":"2026-09-02T21:12:03.583231Z","level":"info","event":"Filling up the DagBag from /opt/airflow/dags/11.Xcom2.py","logger":"airflow.models.dagbag.DagBag","filename":"dagbag.py","lineno":593}
{"timestamp":"2026-09-02T21:12:09.334158Z","level":"info","event":"Filling up the DagBag from /opt/airflow/dags/11.Xcom2.py","logger":"airflow.models.dagbag.DagBag","filename":"dagbag.py","lineno":593}
{"timestamp":"2026-09-02T21:12:15.326157Z","level":"info","event":"Filling up the DagBag from /opt/airflow/dags/11.Xcom2.py","logger":"airflow.models.dagbag.DagBag","filename":"dagbag.py","lineno":593}
{"timestamp":"2026-09-02T21:12:21.335291Z","level":"info","event":"Filling up the DagBag from /opt/airflow/dags/11.Xcom2.py","logger":"airflow.models.dagbag.DagBag","filename":"dagbag.py","lineno":593}
{"timestamp":"2026-09-02T21:12:27.685642Z","level":"info","event":"Filling up the DagBag from /opt/airflow/dags/11.Xcom2.py","logger":"airflow.models.dagbag.DagBag","filename":"dagbag.py","lineno":593}
{"timestamp":"2026-09-02T21:12:33.357360Z","level":"info","event":"Filling up the DagBag from /opt/airflow/dags/11.Xcom2.py","logger":"airflow.models.dagbag.DagBag","filename":"dagbag.py","lineno":593}
{"timestamp":"2026-09-02T21:12:38.716587Z","level":"info","event":"Filling up the DagBag from /opt/airflow/dags/11.Xcom2.py","logger":"airflow.models.dagbag.DagBag","filename":"dagbag.py","lineno":593}
{"timestamp":"2026-09-02T21:12:44.249664Z","level":"info","event":"Filling up the DagBag from /opt/airflow/dags/11.Xcom2.py","logger":"airflow.models.dagbag.DagBag","filename":"dagbag.py","lineno":593}
{"timestamp":"2026-09-02T21:12:49.776321Z","level":"info","event":"Filling up the DagBag from /opt/airflow/dags/11.Xcom2.py","logger":"airflow.models.dagbag.DagBag","filename":"dagbag.py","lineno":593}
{"timestamp":"2026-09-02T21:12:55.339073Z","level":"info","event":"Filling up the DagBag from /opt/airflow/dags/11.Xcom2.py","logger":"airflow.models.dagbag.DagBag","filename":"dagbag.py","lineno":593}
{"timestamp":"2026-09-02T21:13:01.198312Z","level":"info","event":"Filling up the DagBag from /opt/airflow/dags/11.Xcom2.py","logger":"airflow.models.dagbag.DagBag","filename":"dagbag.py","lineno":593}
{"timestamp":"2026-09-02T21:13:07.629492Z","level":"info","event":"Filling up the DagBag from /opt/airflow/dags/11.Xcom2.py","logger":"airflow.models.dagbag.DagBag","filename":"dagbag.py","lineno":593}
{"timestamp":"2026-09-02T21:13:15.288371Z","level":"info","event":"Filling up the DagBag from /opt/airflow/dags/11.Xcom2.py","logger":"airflow.models.dagbag.DagBag","filename":"dagbag.py","lineno":593}
{"timestamp":"2026-09-02T21:13:21.548752Z","level":"info","event":"Filling up the DagBag from /opt/airflow/dags/11.Xcom2.py","logger":"airflow.models.dagbag.DagBag","filename":"dagbag.py","lineno":593}
{"timestamp":"2026-09-02T21:13:27.745049Z","level":"info","event":"Filling up the DagBag from /opt/airflow/dags/11.Xcom2.py","logger":"airflow.models.dagbag.DagBag","filename":"dagbag.py","lineno":593}
{"timestamp":"2026-09-02T21:13:34.584232Z","level":"info","event":"Filling up the DagBag from /opt/airflow/dags/11.Xcom2.py","logger":"airflow.models.dagbag.DagBag","filename":"dagbag.py","lineno":593}
{"timestamp":"2026-09-02T21:13:41.062015Z","level":"info","event":"Filling up the DagBag from /opt/airflow/dags/11.Xcom2.py","logger":"airflow.models.dagbag.DagBag","filename":"dagbag.py","lineno":593}
{"timestamp":"2026-09-02T21:13:47.043567Z","level":"info","event":"Filling up the DagBag from /opt/airflow/dags/11.Xcom2.py","logger":"airflow.models.dagbag.DagBag","filename":"dagbag.py","lineno":593}
{"timestamp":"2026-09-02T21:13:53.495710Z","level":"info","event":"Filling up the DagBag from /opt/airflow/dags/11.Xcom2.py","logger":"airflow.models.dagbag.DagBag","filename":"dagbag.py","lineno":593}
{"timestamp":"2026-09-02T21:13:59.135164Z","level":"info","event":"Filling up the DagBag from /opt/airflow/dags/11.Xcom2.py","logger":"airflow.models.dagbag.DagBag","filename":"dagbag.py","lineno":593}
{"timestamp":"2026-09-02T21:14:04.865642Z","level":"info","event":"Filling up the DagBag from /opt/airflow/dags/11.Xcom2.py","logger":"airflow.models.dagbag.DagBag","filename":"dagbag.py","lineno":593}
{"timestamp":"2026-09-02T21:14:10.374116Z","level":"info","event":"Filling up the DagBag from /opt/airflow/dags/11.Xcom2.py","logger":"airflow.models.dagbag.DagBag","filename":"dagbag.py","lineno":593}
{"timestamp":"2026-09-02T21:14:16.582186Z","level":"info","event":"Filling up the DagBag from /opt/airflow/dags/11.Xcom2.py","logger":"airflow.models.dagbag.DagBag","filename":"dagbag.py","lineno":593}
{"timestamp":"2026-09-02T21:14:23.466240Z","level":"info","event":"Filling up the DagBag from /opt/airflow/dags/11.Xcom2.py","logger":"airflow.models.dagbag.DagBag","filename":"dagbag.py","lineno":593}
{"timestamp":"2026-09-02T21:14:30.598537Z","level":"info","event":"Filling up the DagBag from /opt/airflow/dags/11.Xcom2.py","logger":"airflow.models.dagbag.DagBag","filename":"dagbag.py","lineno":593}
{"timestamp":"2026-09-02T21:14:36.492818Z","level":"info","event":"Filling up the DagBag from /opt/airflow/dags/11.Xcom2.py","logger":"airflow.models.dagbag.DagBag","filename":"dagbag.py","lineno":593}
{"timestamp":"2026-09-02T21:14:41.930705Z","level":"info","event":"Filling up the DagBag from /opt/airflow/dags/11.Xcom2.py","logger":"airflow.models.dagbag.DagBag","filename":"dagbag.py","lineno":593}
{"timestamp":"2026-09-02T21:14:47.519843Z","level":"info","event":"Filling up the DagBag from /opt/airflow/dags/11.Xcom2.py","logger":"airflow.models.dagbag.DagBag","filename":"dagbag.py","lineno":593}
{"timestamp":"2026-09-02T21:14:52.958050Z","level":"info","event":"Filling up the DagBag from /opt/airflow/dags/11.Xcom2.py","logger":"airflow.models.dagbag.DagBag","filename":"dagbag.py","lineno":593}
{"timestamp":"2026-09-02T21:15:00.251542Z","level":"info","event":"Filling up the DagBag from /opt/airflow/dags/11.Xcom2.py","logger":"airflow.models.dagbag.DagBag","filename":"dagbag.py","lineno":593}
{"timestamp":"2026-09-02T21:15:06.382212Z","level":"info","event":"Filling up the DagBag from /opt/airflow/dags/11.Xcom2.py","logger":"airflow.models.dagbag.DagBag","filename":"dagbag.py","lineno":593}
{"timestamp":"2026-09-02T21:15:12.741008Z","level":"info","event":"Filling up the DagBag from /opt/airflow/dags/11.Xcom2.py","logger":"airflow.models.dagbag.DagBag","filename":"dagbag.py","lineno":593}
{"timestamp":"2026-09-02T21:15:18.175008Z","level":"info","event":"Filling up the DagBag from /opt/airflow/dags/11.Xcom2.py","logger":"airflow.models.dagbag.DagBag","filename":"dagbag.py","lineno":593}
{"timestamp":"2026-09-02T21:15:23.538829Z","level":"info","event":"Filling up the DagBag from /opt/airflow/dags/11.Xcom2.py","logger":"airflow.models.dagbag.DagBag","filename":"dagbag.py","lineno":593}
{"timestamp":"2026-09-02T21:15:29.450856Z","level":"info","event":"Filling up the DagBag from /opt/airflow/dags/11.Xcom2.py","logger":"airflow.models.dagbag.DagBag","filename":"dagbag.py","lineno":593}
{"timestamp":"2026-09-02T21:15:34.892952Z","level":"info","event":"Filling up the DagBag from /opt/airflow/dags/11.Xcom2.py","logger":"airflow.models.dagbag.DagBag","filename":"dagbag.py","lineno":593}
{"timestamp":"2026-09-02T21:15:40.928732Z","level":"info","event":"Filling up the DagBag from /opt/airflow/dags/11.Xcom2.py","logger":"airflow.models.dagbag.DagBag","filename":"dagbag.py","lineno":593}
{"timestamp":"2026-09-02T21:15:46.758436Z","level":"info","event":"Filling up the DagBag from /opt/airflow/dags/11.Xcom2.py","logger":"airflow.models.dagbag.DagBag","filename":"dagbag.py","lineno":593}
{"timestamp":"2026-09-02T21:15:52.751758Z","level":"info","event":"Filling up the DagBag from /opt/airflow/dags/11.Xcom2.py","logger":"airflow.models.dagbag.DagBag","filename":"dagbag.py","lineno":593}
{"timestamp":"2026-09-02T21:15:58.131538Z","level":"info","event":"Filling up the DagBag from /opt/airflow/dags/11.Xcom2.py","logger":"airflow.models.dagbag.DagBag","filename":"dagbag.py","lineno":593}
{"timestamp":"2026-09-02T21:16:03.914154Z","level":"info","event":"Filling up the DagBag from /opt/airflow/dags/11.Xcom2.py","logger":"airflow.models.dagbag.DagBag","filename":"dagbag.py","lineno":593}
{"timestamp":"2026-09-02T21:16:09.848432Z","level":"info","event":"Filling up the DagBag from /opt/airflow/dags/11.Xcom2.py","logger":"airflow.models.dagbag.DagBag","filename":"dagbag.py","lineno":593}
{"timestamp":"2026-09-02T21:16:16.129174Z","level":"info","event":"Filling up the DagBag from /opt/airflow/dags/11.Xcom2.py","logger":"airflow.models.dagbag.DagBag","filename":"dagbag.py","lineno":593}
{"timestamp":"2026-09-02T21:16:22.154332Z","level":"info","event":"Filling up the DagBag from /opt/airflow/dags/11.Xcom2.py","logger":"airflow.models.dagbag.DagBag","filename":"dagbag.py","lineno":593}
{"timestamp":"2026-09-02T21:16:28.128834Z","level":"info","event":"Filling up the DagBag from /opt/airflow/dags/11.Xcom2.py","logger":"airflow.models.dagbag.DagBag","filename":"dagbag.py","lineno":593}
{"timestamp":"2026-09-02T21:16:34.099235Z","level":"info","event":"Filling up the DagBag from /opt/airflow/dags/11.Xcom2.py","logger":"airflow.models.dagbag.DagBag","filename":"dagbag.py","lineno":593}
{"timestamp":"2026-09-02T21:16:39.812351Z","level":"info","event":"Filling up the DagBag from /opt/airflow/dags/11.Xcom2.py","logger":"airflow.models.dagbag.DagBag","filename":"dagbag.py","lineno":593}
{"timestamp":"2026-09-02T21:16:45.762548Z","level":"info","event":"Filling up the DagBag from /opt/airflow/dags/11.Xcom2.py","logger":"airflow.models.dagbag.DagBag","filename":"dagbag.py","lineno":593}
{"timestamp":"2026-09-02T21:16:51.837011Z","level":"info","event":"Filling up the DagBag from /opt/airflow/dags/11.Xcom2.py","logger":"airflow.models.dagbag.DagBag","filename":"dagbag.py","lineno":593}
{"timestamp":"2026-09-02T21:17:00.377275Z","level":"info","event":"Filling up the DagBag from /opt/airflow/dags/11.Xcom2.py","logger":"airflow.models.dagbag.DagBag","filename":"dagbag.py","lineno":593}
{"timestamp":"2026-09-02T21:17:06.077928Z","level":"info","event":"Filling up the DagBag from /opt/airflow/dags/11.Xcom2.py","logger":"airflow.models.dagbag.DagBag","filename":"dagbag.py","lineno":593}
{"timestamp":"2026-09-02T21:17:11.955284Z","level":"info","event":"Filling up the DagBag from /opt/airflow/dags/11.Xcom2.py","logger":"airflow.models.dagbag.DagBag","filename":"dagbag.py","lineno":593}
{"timestamp":"2026-09-02T21:17:17.698096Z","level":"info","event":"Filling up the DagBag from /opt/airflow/dags/11.Xcom2.py","logger":"airflow.models.dagbag.DagBag","filename":"dagbag.py","lineno":593}
{"timestamp":"2026-09-02T21:17:23.165806Z","level":"info","event":"Filling up the DagBag from /opt/airflow/dags/11.Xcom2.py","logger":"airflow.models.dagbag.DagBag","filename":"dagbag.py","lineno":593}
{"timestamp":"2026-09-02T21:17:29.256109Z","level":"info","event":"Filling up the DagBag from /opt/airflow/dags/11.Xcom2.py","logger":"airflow.models.dagbag.DagBag","filename":"dagbag.py","lineno":593}
{"timestamp":"2026-09-02T21:17:35.376234Z","level":"info","event":"Filling up the DagBag from /opt/airflow/dags/11.Xcom2.py","logger":"airflow.models.dagbag.DagBag","filename":"dagbag.py","lineno":593}
{"timestamp":"2026-09-02T21:17:41.353047Z","level":"info","event":"Filling up the DagBag from /opt/airflow/dags/11.Xcom2.py","logger":"airflow.models.dagbag.DagBag","filename":"dagbag.py","lineno":593}
{"timestamp":"2026-09-02T21:17:47.041903Z","level":"info","event":"Filling up the DagBag from /opt/airflow/dags/11.Xcom2.py","logger":"airflow.models.dagbag.DagBag","filename":"dagbag.py","lineno":593}
{"timestamp":"2026-09-02T21:17:53.092680Z","level":"info","event":"Filling up the DagBag from /opt/airflow/dags/11.Xcom2.py","logger":"airflow.models.dagbag.DagBag","filename":"dagbag.py","lineno":593}
{"timestamp":"2026-09-02T21:17:58.872089Z","level":"info","event":"Filling up the DagBag from /opt/airflow/dags/11.Xcom2.py","logger":"airflow.models.dagbag.DagBag","filename":"dagbag.py","lineno":593}
{"timestamp":"2026-09-02T21:18:04.554188Z","level":"info","event":"Filling up the DagBag from /opt/airflow/dags/11.Xcom2.py","logger":"airflow.models.dagbag.DagBag","filename":"dagbag.py","lineno":593}
{"timestamp":"2026-09-02T21:18:09.978557Z","level":"info","event":"Filling up the DagBag from /opt/airflow/dags/11.Xcom2.py","logger":"airflow.models.dagbag.DagBag","filename":"dagbag.py","lineno":593}
{"timestamp":"2026-09-02T21:18:16.444141Z","level":"info","event":"Filling up the DagBag from /opt/airflow/dags/11.Xcom2.py","logger":"airflow.models.dagbag.DagBag","filename":"dagbag.py","lineno":593}
{"timestamp":"2026-09-02T21:18:22.659826Z","level":"info","event":"Filling up the DagBag from /opt/airflow/dags/11.Xcom2.py","logger":"airflow.models.dagbag.DagBag","filename":"dagbag.py","lineno":593}
{"timestamp":"2026-09-02T21:18:29.237995Z","level":"info","event":"Filling up the DagBag from /opt/airflow/dags/11.Xcom2.py","logger":"airflow.models.dagbag.DagBag","filename":"dagbag.py","lineno":593}
{"timestamp":"2026-09-02T21:18:35.149219Z","level":"info","event":"Filling up the DagBag from /opt/airflow/dags/11.Xcom2.py","logger":"airflow.models.dagbag.DagBag","filename":"dagbag.py","lineno":593}
{"timestamp":"2026-09-02T21:18:41.491232Z","level":"info","event":"Filling up the DagBag from /opt/airflow/dags/11.Xcom2.py","logger":"airflow.models.dagbag.DagBag","filename":"dagbag.py","lineno":593}
{"timestamp":"2026-09-02T21:18:47.614962Z","level":"info","event":"Filling up the DagBag from /opt/airflow/dags/11.Xcom2.py","logger":"airflow.models.dagbag.DagBag","filename":"dagbag.py","lineno":593}
{"timestamp":"2026-09-02T21:18:53.230863Z","level":"info","event":"Filling up the DagBag from /opt/airflow/dags/11.Xcom2.py","logger":"airflow.models.dagbag.DagBag","filename":"dagbag.py","lineno":593}
{"timestamp":"2026-09-02T21:18:58.837244Z","level":"info","event":"Filling up the DagBag from /opt/airflow/dags/11.Xcom2.py","logger":"airflow.models.dagbag.DagBag","filename":"dagbag.py","lineno":593}
{"timestamp":"2026-09-02T21:19:04.875824Z","level":"info","event":"Filling up the DagBag from /opt/airflow/dags/11.Xcom2.py","logger":"airflow.models.dagbag.DagBag","filename":"dagbag.py","lineno":593}
{"timestamp":"2026-09-02T21:19:10.917957Z","level":"info","event":"Filling up the DagBag from /opt/airflow/dags/11.Xcom2.py","logger":"airflow.models.dagbag.DagBag","filename":"dagbag.py","lineno":593}
{"timestamp":"2026-09-02T21:19:16.691427Z","level":"info","event":"Filling up the DagBag from /opt/airflow/dags/11.Xcom2.py","logger":"airflow.models.dagbag.DagBag","filename":"dagbag.py","lineno":593}
{"timestamp":"2026-09-02T21:19:22.408731Z","level":"info","event":"Filling up the DagBag from /opt/airflow/dags/11.Xcom2.py","logger":"airflow.models.dagbag.DagBag","filename":"dagbag.py","lineno":593}
{"timestamp":"2026-09-02T21:19:27.847936Z","level":"info","event":"Filling up the DagBag from /opt/airflow/dags/11.Xcom2.py","logger":"airflow.models.dagbag.DagBag","filename":"dagbag.py","lineno":593}
{"timestamp":"2026-09-02T21:19:33.568243Z","level":"info","event":"Filling up the DagBag from /opt/airflow/dags/11.Xcom2.py","logger":"airflow.models.dagbag.DagBag","filename":"dagbag.py","lineno":593}
{"timestamp":"2026-09-02T21:19:39.628458Z","level":"info","event":"Filling up the DagBag from /opt/airflow/dags/11.Xcom2.py","logger":"airflow.models.dagbag.DagBag","filename":"dagbag.py","lineno":593}
{"timestamp":"2026-09-02T21:19:45.643752Z","level":"info","event":"Filling up the DagBag from /opt/airflow/dags/11.Xcom2.py","logger":"airflow.models.dagbag.DagBag","filename":"dagbag.py","lineno":593}
{"timestamp":"2026-09-02T21:19:51.317924Z","level":"info","event":"Filling up the DagBag from /opt/airflow/dags/11.Xcom2.py","logger":"airflow.models.dagbag.DagBag","filename":"dagbag.py","lineno":593}
{"timestamp":"2026-09-02T21:19:56.677309Z","level":"info","event":"Filling up the DagBag from /opt/airflow/dags/11.Xcom2.py","logger":"airflow.models.dagbag.DagBag","filename":"dagbag.py","lineno":593}
{"timestamp":"2026-09-02T21:20:02.152554Z","level":"info","event":"Filling up the DagBag from /opt/airflow/dags/11.Xcom2.py","logger":"airflow.models.dagbag.DagBag","filename":"dagbag.py","lineno":593}
{"timestamp":"2026-09-02T21:20:08.181137Z","level":"info","event":"Filling up the DagBag from /opt/airflow/dags/11.Xcom2.py","logger":"airflow.models.dagbag.DagBag","filename":"dagbag.py","lineno":593}
{"timestamp":"2026-09-02T21:20:13.736225Z","level":"info","event":"Filling up the DagBag from /opt/airflow/dags/11.Xcom2.py","logger":"airflow.models.dagbag.DagBag","filename":"dagbag.py","lineno":593}
{"timestamp":"2026-09-02T21:20:19.681357Z","level":"info","event":"Filling up the DagBag from /opt/airflow/dags/11.Xcom2.py","logger":"airflow.models.dagbag.DagBag","filename":"dagbag.py","lineno":593}
{"timestamp":"2026-09-02T21:20:25.724224Z","level":"info","event":"Filling up the DagBag from /opt/airflow/dags/11.Xcom2.py","logger":"airflow.models.dagbag.DagBag","filename":"dagbag.py","lineno":593}
{"timestamp":"2026-09-02T21:20:32.413253Z","level":"info","event":"Filling up the DagBag from /opt/airflow/dags/11.Xcom2.py","logger":"airflow.models.dagbag.DagBag","filename":"dagbag.py","lineno":593}
{"timestamp":"2026-09-02T21:20:38.149885Z","level":"info","event":"Filling up the DagBag from /opt/airflow/dags/11.Xcom2.py","logger":"airflow.models.dagbag.DagBag","filename":"dagbag.py","lineno":593}
{"timestamp":"2026-09-02T21:20:44.335098Z","level":"info","event":"Filling up the DagBag from /opt/airflow/dags/11.Xcom2.py","logger":"airflow.models.dagbag.DagBag","filename":"dagbag.py","lineno":593}
{"timestamp":"2026-09-02T21:20:50.220724Z","level":"info","event":"Filling up the DagBag from /opt/airflow/dags/11.Xcom2.py","logger":"airflow.models.dagbag.DagBag","filename":"dagbag.py","lineno":593}
{"timestamp":"2026-09-02T21:20:57.158523Z","level":"info","event":"Filling up the DagBag from /opt/airflow/dags/11.Xcom2.py","logger":"airflow.models.dagbag.DagBag","filename":"dagbag.py","lineno":593}
{"timestamp":"2026-09-02T21:21:06.705099Z","level":"info","event":"Filling up the DagBag from /opt/airflow/dags/11.Xcom2.py","logger":"airflow.models.dagbag.DagBag","filename":"dagbag.py","lineno":593}
{"timestamp":"2026-09-02T21:21:14.817979Z","level":"info","event":"Filling up the DagBag from /opt/airflow/dags/11.Xcom2.py","logger":"airflow.models.dagbag.DagBag","filename":"dagbag.py","lineno":593}
{"timestamp":"2026-09-02T21:21:22.256432Z","level":"info","event":"Filling up the DagBag from /opt/airflow/dags/11.Xcom2.py","logger":"airflow.models.dagbag.DagBag","filename":"dagbag.py","lineno":593}
{"timestamp":"2026-09-02T21:21:28.905574Z","level":"info","event":"Filling up the DagBag from /opt/airflow/dags/11.Xcom2.py","logger":"airflow.models.dagbag.DagBag","filename":"dagbag.py","lineno":593}
{"timestamp":"2026-09-02T21:21:34.368893Z","level":"info","event":"Filling up the DagBag from /opt/airflow/dags/11.Xcom2.py","logger":"airflow.models.dagbag.DagBag","filename":"dagbag.py","lineno":593}
{"timestamp":"2026-09-02T21:21:40.428531Z","level":"info","event":"Filling up the DagBag from /opt/airflow/dags/11.Xcom2.py","logger":"airflow.models.dagbag.DagBag","filename":"dagbag.py","lineno":593}
{"timestamp":"2026-09-02T21:21:46.533344Z","level":"info","event":"Filling up the DagBag from /opt/airflow/dags/11.Xcom2.py","logger":"airflow.models.dagbag.DagBag","filename":"dagbag.py","lineno":593}
